"year","state","ecvotes","dem","rep","other","total"
1836,"Alabama",7,20638,NA,16658,37296
1836,"Arkansas",3,2380,NA,1334,3714
1836,"Connecticut",8,19294,NA,18799,38093
1836,"Delaware",3,4154,NA,4741,8895
1836,"Georgia",11,22778,NA,24481,47259
1836,"Illinois",5,18369,NA,15220,33589
1836,"Indiana",9,32478,NA,41281,73759
1836,"Kentucky",15,33229,NA,36861,70090
1836,"Louisiana",5,3842,NA,3583,7425
1836,"Maine",10,22825,NA,15915,38740
1836,"Maryland",10,22267,NA,25852,48119
1836,"Massachusetts",14,33486,NA,41246,74732
1836,"Michigan",3,7122,NA,5545,12667
1836,"Mississippi",4,10297,NA,9782,20079
1836,"Missouri",4,10995,NA,7337,18332
1836,"New Hampshire",7,18697,NA,6228,24925
1836,"New Jersey",8,25592,NA,26137,51729
1836,"New York",42,166795,NA,138548,305343
1836,"North Carolina",15,26631,NA,23522,50153
1836,"Ohio",21,96238,NA,106095,202333
1836,"Pennsylvania",30,91457,NA,87235,178692
1836,"Rhode Island",4,2964,NA,2710,5674
1836,"Tennessee",15,26170,NA,36027,62197
1836,"Vermont",7,14037,NA,20994,35031
1836,"Virginia",23,30556,NA,23389,53945
1840,"Alabama",7,33996,NA,28515,62511
1840,"Arkansas",3,6679,NA,5160,11839
1840,"Connecticut",8,25281,NA,31598,56879
1840,"Delaware",3,4872,NA,5980,10852
1840,"Georgia",11,31983,NA,40339,72322
1840,"Illinois",5,47441,NA,45734,93175
1840,"Indiana",9,51604,NA,65302,116906
1840,"Kentucky",15,32616,NA,58488,91104
1840,"Louisiana",5,7616,NA,11296,18912
1840,"Maine",10,46190,NA,46612,92802
1840,"Maryland",10,28752,NA,33528,62280
1840,"Massachusetts",14,52355,NA,74470,126825
1840,"Michigan",3,21096,NA,23254,44350
1840,"Mississippi",4,17010,NA,19515,36525
1840,"Missouri",4,29969,NA,22954,52923
1840,"New Hampshire",7,32774,NA,27182,59956
1840,"New Jersey",8,31034,NA,33420,64454
1840,"New York",42,212733,NA,228810,441543
1840,"North Carolina",15,34168,NA,46567,80735
1840,"Ohio",21,124782,NA,149060,273842
1840,"Pennsylvania",30,143676,NA,144350,288026
1840,"Rhode Island",4,3301,NA,5320,8621
1840,"Tennessee",15,47951,NA,60194,108145
1840,"Vermont",7,18009,NA,32764,50773
1840,"Virginia",23,43757,NA,42637,86394
1844,"Alabama",9,37401,NA,26002,63403
1844,"Arkansas",3,9546,NA,5604,15150
1844,"Connecticut",6,29841,NA,34775,64616
1844,"Delaware",3,5970,NA,6277,12247
1844,"Georgia",10,44147,NA,42100,86247
1844,"Illinois",9,58795,NA,50262,109057
1844,"Indiana",12,70181,NA,69973,140154
1844,"Kentucky",12,51988,NA,61249,113237
1844,"Louisiana",6,13782,NA,13083,26865
1844,"Maine",9,45719,NA,39214,84933
1844,"Maryland",8,32706,NA,35984,68690
1844,"Massachusetts",12,53039,NA,78998,132037
1844,"Michigan",5,27737,NA,28014,55751
1844,"Mississippi",6,25846,NA,19158,45004
1844,"Missouri",7,41322,NA,31200,72522
1844,"New Hampshire",6,27160,NA,22027,49187
1844,"New Jersey",7,37495,NA,38449,75944
1844,"New York",36,237588,NA,248294,485882
1844,"North Carolina",11,39287,NA,43234,82521
1844,"Ohio",23,149061,NA,163163,312224
1844,"Pennsylvania",26,167447,NA,164125,331572
1844,"Rhode Island",4,4867,NA,7429,12296
1844,"Tennessee",13,59917,NA,60040,119957
1844,"Vermont",6,18049,NA,30780,48829
1844,"Virginia",17,50679,NA,44860,95539
1848,"Alabama",9,31173,NA,30486,61659
1848,"Arkansas",3,9301,NA,7587,16888
1848,"Connecticut",6,27051,NA,35347,62398
1848,"Delaware",3,5910,NA,6522,12432
1848,"Florida",3,3083,NA,4120,7203
1848,"Georgia",10,44785,NA,47532,92317
1848,"Illinois",9,55952,NA,68644,124596
1848,"Indiana",12,74745,NA,78007,152752
1848,"Iowa",4,11238,NA,11033,22271
1848,"Kentucky",12,49720,NA,67145,116865
1848,"Louisiana",6,15379,NA,18487,33866
1848,"Maine",9,40195,NA,47430,87625
1848,"Maryland",8,34528,NA,37831,72359
1848,"Massachusetts",12,35281,NA,99467,134748
1848,"Michigan",5,30742,NA,34340,65082
1848,"Mississippi",6,26545,NA,25911,52456
1848,"Missouri",7,40077,NA,32671,72748
1848,"New Hampshire",6,27763,NA,22341,50104
1848,"New Jersey",7,36901,NA,40834,77735
1848,"New York",36,114319,NA,341625,455944
1848,"North Carolina",11,35772,NA,44080,79852
1848,"Ohio",23,154773,NA,173706,328479
1848,"Pennsylvania",26,171976,NA,196576,368552
1848,"Rhode Island",4,3646,NA,7509,11155
1848,"Tennessee",13,58142,NA,64321,122463
1848,"Texas",4,10668,NA,4509,15177
1848,"Vermont",6,10948,NA,36974,47922
1848,"Virginia",17,46739,NA,45265,92004
1848,"Wisconsin",4,15001,NA,24165,39166
1852,"Alabama",9,26881,NA,17266,44147
1852,"Arkansas",4,12173,NA,7404,19577
1852,"California",4,40721,NA,36089,76810
1852,"Connecticut",6,33249,NA,33532,66781
1852,"Delaware",3,6318,NA,6355,12673
1852,"Florida",3,4318,NA,2875,7193
1852,"Georgia",10,40516,NA,22110,62626
1852,"Illinois",11,80378,NA,74596,154974
1852,"Indiana",13,95340,NA,87830,183170
1852,"Iowa",4,17763,NA,17601,35364
1852,"Kentucky",12,53949,NA,57694,111643
1852,"Louisiana",6,18647,NA,17255,35902
1852,"Maine",8,41609,NA,40573,82182
1852,"Maryland",8,40022,NA,35098,75120
1852,"Massachusetts",13,44569,NA,82534,127103
1852,"Michigan",6,41842,NA,41097,82939
1852,"Mississippi",7,26896,NA,17558,44454
1852,"Missouri",9,38817,NA,29984,68801
1852,"New Hampshire",5,28503,NA,22032,50535
1852,"New Jersey",7,44305,NA,38915,83220
1852,"New York",35,262083,NA,260211,522294
1852,"North Carolina",10,39788,NA,39103,78891
1852,"Ohio",23,168933,NA,184255,353188
1852,"Pennsylvania",27,198562,NA,189277,387839
1852,"Rhode Island",4,8735,NA,8270,17005
1852,"Tennessee",12,56900,NA,58586,115486
1852,"Texas",4,13552,NA,4995,18547
1852,"Vermont",5,13044,NA,30846,43890
1852,"Virginia",15,73872,NA,58732,132604
1852,"Wisconsin",5,33658,NA,31024,64682
1856,"Alabama",9,46739,0,28552,75291
1856,"Arkansas",4,21910,0,10732,32642
1856,"California",4,53342,20704,36209,110255
1856,"Connecticut",6,34997,42717,2615,80329
1856,"Delaware",3,8004,310,6284,14598
1856,"Florida",3,6358,0,4833,11191
1856,"Georgia",10,56581,0,42439,99020
1856,"Illinois",11,105528,96275,37531,239334
1856,"Indiana",13,118670,94375,22386,235431
1856,"Iowa",4,37568,45073,9669,92310
1856,"Kentucky",12,74642,0,67416,142058
1856,"Louisiana",6,22164,0,20709,42873
1856,"Maine",8,39140,67279,3270,109689
1856,"Maryland",8,39123,285,47452,86860
1856,"Massachusetts",13,39244,108172,22632,170048
1856,"Michigan",6,52139,71762,1660,125561
1856,"Mississippi",7,35456,0,24191,59647
1856,"Missouri",9,57964,0,48522,106486
1856,"New Hampshire",5,31891,37473,410,69774
1856,"New Jersey",7,46943,28338,24115,99396
1856,"New York",35,195878,276004,124604,596486
1856,"North Carolina",10,48243,0,36720,84963
1856,"Ohio",23,170874,187497,28126,386497
1856,"Pennsylvania",27,230686,147286,82189,460161
1856,"Rhode Island",4,6680,11467,1675,19822
1856,"Tennessee",12,69704,0,63878,133582
1856,"Texas",4,31169,0,15639,46808
1856,"Vermont",5,10577,39561,610,50748
1856,"Virginia",15,90083,0,60150,150233
1856,"Wisconsin",5,52843,66090,579,119512
1860,"Alabama",9,13618,0,76504,90122
1860,"Arkansas",4,5357,0,48795,54152
1860,"California",4,37999,38733,43095,119827
1860,"Connecticut",6,17364,43486,19895,80745
1860,"Delaware",3,1066,3822,11227,16115
1860,"Florida",3,223,0,13078,13301
1860,"Georgia",10,11581,0,95136,106717
1860,"Illinois",11,160215,172171,7280,339666
1860,"Indiana",13,115509,139033,17601,272143
1860,"Iowa",4,55639,70302,2798,128739
1860,"Kentucky",12,25651,1364,119201,146216
1860,"Louisiana",6,7625,0,42885,50510
1860,"Maine",8,29693,62811,8414,100918
1860,"Maryland",8,5966,2294,84242,92502
1860,"Massachusetts",13,34370,106684,28822,169876
1860,"Michigan",6,64889,88450,1210,154549
1860,"Minnesota",4,11920,22069,748,34737
1860,"Mississippi",7,3282,0,65813,69095
1860,"Missouri",9,58801,17028,89734,165563
1860,"New Hampshire",5,25887,37519,2537,65943
1860,"New Jersey",7,62869,58346,0,121215
1860,"New York",35,312510,362646,0,675156
1860,"North Carolina",10,2737,0,93975,96712
1860,"Ohio",23,187421,221809,23632,432862
1860,"Oregon",3,4131,5344,5286,14761
1860,"Pennsylvania",27,16765,268030,191647,476442
1860,"Rhode Island",4,7707,12244,0,19951
1860,"Tennessee",12,11281,0,134825,146106
1860,"Texas",4,0,0,62986,62986
1860,"Vermont",5,8649,33808,2109,44566
1860,"Virginia",15,16198,1887,148806,166891
1860,"Wisconsin",5,65021,86113,1049,152183
1864,"California",5,NA,NA,0,0
1864,"Connecticut",6,NA,NA,0,0
1864,"Delaware",3,NA,NA,0,0
1864,"Illinois",16,NA,NA,0,0
1864,"Indiana",13,NA,NA,0,0
1864,"Iowa",8,NA,NA,0,0
1864,"Kansas",3,NA,NA,655,655
1864,"Kentucky",11,NA,NA,0,0
1864,"Maine",7,NA,NA,0,0
1864,"Maryland",7,NA,NA,0,0
1864,"Massachusetts",12,NA,NA,3,3
1864,"Michigan",8,NA,NA,0,0
1864,"Minnesota",4,NA,NA,0,0
1864,"Missouri",11,NA,NA,0,0
1864,"Nevada",2,NA,NA,0,0
1864,"New Hampshire",5,NA,NA,0,0
1864,"New Jersey",7,NA,NA,0,0
1864,"New York",33,NA,NA,0,0
1864,"Ohio",21,NA,NA,0,0
1864,"Oregon",3,NA,NA,0,0
1864,"Pennsylvania",26,NA,NA,0,0
1864,"Rhode Island",4,NA,NA,0,0
1864,"Vermont",5,NA,NA,0,0
1864,"West Virginia",5,NA,NA,0,0
1864,"Wisconsin",8,NA,NA,0,0
1868,"Alabama",8,72921,76667,6,149594
1868,"Arkansas",5,19078,22112,0,41190
1868,"California",5,54068,54588,0,108656
1868,"Connecticut",6,47844,50788,0,98632
1868,"Delaware",3,10957,7614,0,18571
1868,"Georgia",9,102707,57109,0,159816
1868,"Illinois",16,199116,250304,0,449420
1868,"Indiana",13,166980,176552,0,343532
1868,"Iowa",8,74040,120399,0,194439
1868,"Kansas",3,13600,30027,3,43630
1868,"Kentucky",11,115889,39566,0,155455
1868,"Louisiana",7,80225,33263,0,113488
1868,"Maine",7,42460,70502,0,112962
1868,"Maryland",7,62357,30438,0,92795
1868,"Massachusetts",12,59103,136379,26,195508
1868,"Michigan",8,97060,128560,0,225620
1868,"Minnesota",4,28096,43722,0,71818
1868,"Missouri",11,65628,86860,0,152488
1868,"Nebraska",3,5519,9772,0,15291
1868,"Nevada",3,5218,6480,0,11698
1868,"New Hampshire",5,30575,37718,11,68304
1868,"New Jersey",7,83001,80131,0,163132
1868,"New York",33,429883,419888,0,849771
1868,"North Carolina",9,84559,96939,0,181498
1868,"Ohio",21,238621,280167,0,518788
1868,"Oregon",3,11125,10961,0,22086
1868,"Pennsylvania",26,313382,342280,0,655662
1868,"Rhode Island",4,6548,12993,0,19541
1868,"South Carolina",6,45237,62301,0,107538
1868,"Tennessee",10,26129,56628,0,82757
1868,"Vermont",5,12045,44167,0,56212
1868,"West Virginia",5,20306,29015,0,49321
1868,"Wisconsin",8,84703,108900,0,193603
1872,"Alabama",10,79444,90272,0,169716
1872,"Arkansas",6,37927,41373,0,79300
1872,"California",6,40717,54007,1061,95785
1872,"Connecticut",6,45695,50314,0,96009
1872,"Delaware",3,10205,11129,488,21822
1872,"Florida",4,15427,17763,0,33190
1872,"Georgia",11,76356,62550,0,138906
1872,"Illinois",21,184884,241936,3151,429971
1872,"Indiana",15,163632,186147,1417,351196
1872,"Iowa",11,71189,131566,13610,216365
1872,"Kansas",5,32970,66805,737,100512
1872,"Kentucky",12,99995,88766,2374,191135
1872,"Louisiana",8,57029,71663,0,128692
1872,"Maine",7,29097,61426,0,90523
1872,"Maryland",8,67687,66760,0,134447
1872,"Massachusetts",13,59195,133455,214,192864
1872,"Michigan",11,78551,138758,4146,221455
1872,"Minnesota",5,35211,55708,0,90919
1872,"Mississippi",8,47282,82175,0,129457
1872,"Missouri",15,151434,119196,2429,273059
1872,"Nebraska",3,7603,18329,0,25932
1872,"Nevada",3,6236,8413,0,14649
1872,"New Hampshire",5,31425,37168,313,68906
1872,"New Jersey",9,76456,91656,0,168112
1872,"New York",35,387282,440738,0,828020
1872,"North Carolina",10,70130,94772,261,165163
1872,"Ohio",22,244321,281852,3263,529436
1872,"Oregon",3,7742,11818,587,20147
1872,"Pennsylvania",29,212041,349589,1632,563262
1872,"Rhode Island",4,5329,13665,0,18994
1872,"South Carolina",7,22699,72290,463,95452
1872,"Tennessee",12,93391,85655,0,179046
1872,"Texas",8,66546,47468,2580,116594
1872,"Vermont",5,10926,41480,574,52980
1872,"Virginia",11,91647,93463,85,185195
1872,"West Virginia",5,29532,32320,615,62467
1872,"Wisconsin",10,86477,104994,834,192305
1876,"Alabama",10,102989,68708,2,171699
1876,"Arkansas",6,58086,38649,211,96946
1876,"California",6,76460,79258,66,155784
1876,"Connecticut",6,61927,59033,1174,122134
1876,"Delaware",3,13381,10752,0,24133
1876,"Florida",4,22927,23849,0,46776
1876,"Georgia",11,130157,50533,0,180690
1876,"Illinois",21,258611,278232,17384,554227
1876,"Indiana",15,213526,208011,17374,438911
1876,"Iowa",11,112121,171326,9431,292878
1876,"Kansas",5,37902,78324,7908,124134
1876,"Kentucky",12,160060,97568,2998,260626
1876,"Louisiana",8,70508,75315,0,145823
1876,"Maine",7,49917,66300,828,117045
1876,"Maryland",8,91779,71980,0,163759
1876,"Massachusetts",13,108777,150064,779,259620
1876,"Michigan",11,141685,166901,9864,318450
1876,"Minnesota",5,48587,72955,2533,124075
1876,"Mississippi",8,112173,52603,0,164776
1876,"Missouri",15,202086,145027,3497,350610
1876,"Nebraska",3,17413,31915,0,49328
1876,"Nevada",3,9308,10383,0,19691
1876,"New Hampshire",5,38510,41540,91,80141
1876,"New Jersey",9,115962,103517,714,220193
1876,"New York",35,521949,489207,4347,1015503
1876,"North Carolina",10,125427,108484,0,233911
1876,"Ohio",22,323182,330698,4769,658649
1876,"Oregon",3,14157,15214,510,29881
1876,"Pennsylvania",29,366204,384184,8605,758993
1876,"Rhode Island",4,10712,15787,128,26627
1876,"South Carolina",7,90897,91786,0,182683
1876,"Tennessee",12,133177,89566,0,222743
1876,"Texas",8,104755,44800,0,149555
1876,"Vermont",5,20254,44091,208,64553
1876,"Virginia",11,140770,95518,0,236288
1876,"West Virginia",5,56546,41997,1104,99647
1876,"Wisconsin",10,123926,130067,3184,257177
1880,"Alabama",10,91130,56350,4422,151902
1880,"Arkansas",6,60489,41661,5622,107772
1880,"California",6,80426,80282,3510,164218
1880,"Colorado",3,24647,27450,1449,53546
1880,"Connecticut",6,64411,67071,1316,132798
1880,"Delaware",3,15181,14148,129,29458
1880,"Florida",4,27964,23654,0,51618
1880,"Georgia",11,102981,54470,0,157451
1880,"Illinois",21,277321,318036,26948,622305
1880,"Indiana",15,225522,232164,12986,470672
1880,"Iowa",11,105845,183904,32919,322668
1880,"Kansas",5,59801,121549,19886,201236
1880,"Kentucky",12,148875,106490,11739,267104
1880,"Louisiana",8,65047,38978,437,104462
1880,"Maine",7,65211,74052,4640,143903
1880,"Maryland",8,93706,78515,0,172221
1880,"Massachusetts",13,111720,165198,5347,282265
1880,"Michigan",11,131597,185335,36147,353079
1880,"Minnesota",5,53315,93902,3553,150770
1880,"Mississippi",8,75750,34844,6474,117068
1880,"Missouri",15,208600,153647,35042,397289
1880,"Nebraska",3,28523,54979,3950,87452
1880,"Nevada",3,9613,8732,0,18345
1880,"New Hampshire",5,40797,44856,708,86361
1880,"New Jersey",9,122565,120555,2808,245928
1880,"New York",35,534511,555544,13890,1103945
1880,"North Carolina",10,124204,115616,1126,240946
1880,"Ohio",22,340821,375048,9098,724967
1880,"Oregon",3,19955,20619,249,40823
1880,"Pennsylvania",29,407428,444704,22651,874783
1880,"Rhode Island",4,10779,18195,261,29235
1880,"South Carolina",7,111236,57954,603,169793
1880,"Tennessee",12,129569,107677,6017,243263
1880,"Texas",8,156428,57893,27405,241726
1880,"Vermont",5,18182,45091,1321,64594
1880,"Virginia",11,128083,83533,0,211616
1880,"West Virginia",5,57390,46243,9008,112641
1880,"Wisconsin",10,114644,144398,8145,267187
1884,"Alabama",10,92736,59444,1444,153624
1884,"Arkansas",7,72734,51198,1847,125779
1884,"California",8,89288,102369,5331,196988
1884,"Colorado",3,27723,36084,2712,66519
1884,"Connecticut",6,67182,65898,4177,137257
1884,"Delaware",3,16957,12953,74,29984
1884,"Florida",4,31769,28031,190,59990
1884,"Georgia",12,94667,48603,340,143610
1884,"Illinois",22,312351,337469,22850,672670
1884,"Indiana",15,245005,238489,11838,495332
1884,"Iowa",13,177316,197089,2796,377201
1884,"Kansas",9,90132,154406,21310,265848
1884,"Kentucky",13,152961,118690,4830,276481
1884,"Louisiana",8,62594,46347,458,109399
1884,"Maine",6,52153,72217,6121,130491
1884,"Maryland",8,96866,85748,3405,186019
1884,"Massachusetts",14,122352,146724,34307,303383
1884,"Michigan",13,189361,192669,19156,401186
1884,"Minnesota",7,70065,111685,8267,190017
1884,"Mississippi",9,77653,43035,0,120688
1884,"Missouri",16,236023,203081,2164,441268
1884,"Nebraska",5,54391,76912,2899,134202
1884,"Nevada",3,5578,7193,26,12797
1884,"New Hampshire",4,39198,43254,2134,84586
1884,"New Jersey",9,127798,123440,9683,260921
1884,"New York",36,563154,562005,42010,1167169
1884,"North Carolina",11,142905,125021,430,268356
1884,"Ohio",23,368280,400082,16248,784610
1884,"Oregon",3,24604,26860,1218,52682
1884,"Pennsylvania",30,392785,478804,32275,903864
1884,"Rhode Island",4,12391,19030,1350,32771
1884,"South Carolina",9,69845,21730,1237,92812
1884,"Tennessee",12,133770,124101,2107,259978
1884,"Texas",13,225309,93141,6855,325305
1884,"Vermont",4,17331,39514,2556,59401
1884,"Virginia",12,145491,139356,130,284977
1884,"West Virginia",6,67311,63096,1738,132145
1884,"Wisconsin",11,146453,161135,12247,319835
1888,"Alabama",10,117314,57177,594,175085
1888,"Arkansas",7,86062,59752,11244,157058
1888,"California",8,117729,124816,8794,251339
1888,"Colorado",3,37549,50772,3625,91946
1888,"Connecticut",6,74920,74584,4474,153978
1888,"Delaware",3,16414,12950,400,29764
1888,"Florida",4,39557,26529,414,66500
1888,"Georgia",12,100493,40499,1944,142936
1888,"Illinois",22,348351,370475,28987,747813
1888,"Indiana",15,261013,263361,12575,536949
1888,"Iowa",13,179877,211603,12655,404135
1888,"Kansas",9,102745,182904,45500,331149
1888,"Kentucky",13,183830,155138,5900,344868
1888,"Louisiana",8,85032,30660,199,115891
1888,"Maine",6,50472,73730,4051,128253
1888,"Maryland",8,106188,99986,4767,210941
1888,"Massachusetts",14,151590,183892,8761,344243
1888,"Michigan",13,213469,236387,25500,475356
1888,"Minnesota",7,104385,142492,16408,263285
1888,"Mississippi",9,85451,30095,240,115786
1888,"Missouri",16,261943,236252,23165,521360
1888,"Nebraska",5,80552,108425,13655,202632
1888,"Nevada",3,5149,7088,41,12278
1888,"New Hampshire",4,43456,45728,1651,90835
1888,"New Jersey",9,151508,144360,7933,303801
1888,"New York",36,635965,650338,33445,1319748
1888,"North Carolina",11,147902,134784,2877,285563
1888,"Ohio",23,396455,416054,27852,840361
1888,"Oregon",3,26522,33291,2040,61853
1888,"Pennsylvania",30,446633,526091,24844,997568
1888,"Rhode Island",4,17530,21969,1276,40775
1888,"South Carolina",9,65824,13736,437,79997
1888,"Tennessee",12,158699,138978,6017,303694
1888,"Texas",13,234883,88422,34208,357513
1888,"Vermont",4,16788,45192,3472,65452
1888,"Virginia",12,152004,150399,1684,304087
1888,"West Virginia",6,78677,78171,2592,159440
1888,"Wisconsin",11,155232,176553,22829,354614
1892,"Alabama",11,138135,9184,85224,232543
1892,"Arkansas",8,87834,47072,13211,148117
1892,"California",9,118174,118027,33408,269609
1892,"Colorado",4,0,38620,55271,93891
1892,"Connecticut",6,82395,77032,5168,164595
1892,"Delaware",3,18581,18077,577,37235
1892,"Florida",4,30153,0,5318,35471
1892,"Georgia",13,129446,48408,45272,223126
1892,"Idaho",3,0,8599,10808,19407
1892,"Illinois",24,426281,399288,48078,873647
1892,"Indiana",15,262740,255615,35258,553613
1892,"Iowa",13,196367,219795,26997,443159
1892,"Kansas",10,0,157241,167664,324905
1892,"Kentucky",13,175461,135462,29941,340864
1892,"Louisiana",8,87926,26963,0,114889
1892,"Maine",6,48049,62936,5466,116451
1892,"Maryland",8,113866,92736,6673,213275
1892,"Massachusetts",15,176813,202814,11401,391028
1892,"Michigan",14,201624,222708,41713,466045
1892,"Minnesota",9,100920,122823,43495,267238
1892,"Mississippi",9,40030,1398,11091,52519
1892,"Missouri",17,268400,227646,45537,541583
1892,"Montana",3,17690,18871,7900,44461
1892,"Nebraska",8,24943,87213,88036,200192
1892,"Nevada",3,714,2811,7353,10878
1892,"New Hampshire",4,42081,45658,1590,89329
1892,"New Jersey",10,171066,156101,10456,337623
1892,"New York",36,654868,609350,72575,1336793
1892,"North Carolina",11,132951,100346,46973,280270
1892,"North Dakota",3,0,17519,18599,36118
1892,"Ohio",23,404115,405187,40862,850164
1892,"Oregon",4,14243,35002,29246,78491
1892,"Pennsylvania",32,452264,516011,34735,1003010
1892,"Rhode Island",4,24336,26975,1885,53196
1892,"South Carolina",9,54680,13345,2479,70504
1892,"South Dakota",4,9081,34888,26544,70513
1892,"Tennessee",12,136468,100537,28727,265732
1892,"Texas",15,239148,81144,101853,422145
1892,"Vermont",4,16325,37992,1479,55796
1892,"Virginia",12,164136,113098,15004,292238
1892,"Washington",4,29802,36460,21707,87969
1892,"West Virginia",6,84467,80292,6320,171079
1892,"Wisconsin",12,177325,171101,23155,371581
1892,"Wyoming",3,0,8454,8281,16735
1896,"Alabama",11,130298,55673,8609,194580
1896,"Arkansas",8,110103,37512,1732,149347
1896,"California",9,144766,146688,6965,298419
1896,"Colorado",4,161005,26271,2263,189539
1896,"Connecticut",6,56740,110285,7365,174390
1896,"Delaware",3,16574,20450,1432,38456
1896,"Florida",4,32756,11298,2434,46488
1896,"Georgia",13,93885,59395,9200,162480
1896,"Idaho",3,23135,6314,172,29621
1896,"Illinois",24,465613,607130,18126,1090869
1896,"Indiana",15,305573,323754,7792,637119
1896,"Iowa",13,223741,289293,8513,521547
1896,"Kansas",10,171675,159345,3527,334547
1896,"Kentucky",13,217894,218171,9863,445928
1896,"Louisiana",8,77175,22037,1834,101046
1896,"Maine",6,34587,80403,3429,118419
1896,"Maryland",8,104150,136959,9140,250249
1896,"Massachusetts",15,105711,278976,16881,401568
1896,"Michigan",14,237166,293336,15083,545585
1896,"Minnesota",9,139735,193503,8524,341762
1896,"Mississippi",9,63355,4819,1417,69591
1896,"Missouri",17,363667,304940,5299,673906
1896,"Montana",3,42628,10509,193,53330
1896,"Nebraska",8,115007,103064,5111,223182
1896,"Nevada",3,8376,1938,0,10314
1896,"New Hampshire",4,21650,57444,4576,83670
1896,"New Jersey",10,133695,221535,15981,371211
1896,"New York",36,551369,819838,52669,1423876
1896,"North Carolina",11,174408,155122,1807,331337
1896,"North Dakota",3,20686,26335,370,47391
1896,"Ohio",23,477497,525991,10807,1014295
1896,"Oregon",4,46739,48779,1896,97414
1896,"Pennsylvania",32,433228,728300,32827,1194355
1896,"Rhode Island",4,14459,37437,2889,54785
1896,"South Carolina",9,58801,9313,824,68938
1896,"South Dakota",4,41225,41042,683,82950
1896,"Tennessee",12,167168,148683,5052,320903
1896,"Texas",15,370434,167520,6832,544786
1896,"Utah",3,64607,13491,21,78119
1896,"Vermont",4,10640,51127,2080,63847
1896,"Virginia",12,154708,135379,4587,294674
1896,"Washington",4,53314,39153,1116,93583
1896,"West Virginia",6,94480,105379,1898,201757
1896,"Wisconsin",12,165523,268135,13751,447409
1896,"Wyoming",3,10861,10072,159,21092
1900,"Alabama",11,97129,55612,6951,159692
1900,"Arkansas",8,81142,44800,1924,127866
1900,"California",9,124985,164755,13264,303004
1900,"Colorado",4,122733,93072,5603,221408
1900,"Connecticut",6,74014,102572,3609,180195
1900,"Delaware",3,18852,22535,602,41989
1900,"Florida",4,28273,7355,4021,39649
1900,"Georgia",13,81180,34260,5970,121410
1900,"Idaho",3,29414,27198,1302,57914
1900,"Illinois",24,503061,597985,30851,1131897
1900,"Indiana",15,309584,336063,18447,664094
1900,"Iowa",13,209265,307808,13282,530355
1900,"Kansas",10,162601,185955,5210,353766
1900,"Kentucky",13,235126,227132,6007,468265
1900,"Louisiana",8,53668,14234,4,67906
1900,"Maine",6,36822,65412,3459,105693
1900,"Maryland",8,122238,136185,6011,264434
1900,"Massachusetts",15,156997,238866,18941,414804
1900,"Michigan",14,211685,316269,16425,544379
1900,"Minnesota",9,112901,190461,12949,316311
1900,"Mississippi",9,51706,5707,1642,59055
1900,"Missouri",17,351922,314092,17642,683656
1900,"Montana",3,37311,25409,1136,63856
1900,"Nebraska",8,114013,121835,5582,241430
1900,"Nevada",3,6347,3849,0,10196
1900,"New Hampshire",4,35489,54799,2076,92364
1900,"New Jersey",10,164879,221754,14573,401206
1900,"New York",36,678462,822013,47567,1548042
1900,"North Carolina",11,157733,132997,1788,292518
1900,"North Dakota",3,20531,35898,1362,57791
1900,"Ohio",23,474882,543918,21273,1040073
1900,"Oregon",4,32810,46172,4269,83251
1900,"Pennsylvania",32,424232,712665,36313,1173210
1900,"Rhode Island",4,19812,33784,2952,56548
1900,"South Carolina",9,47233,3579,0,50812
1900,"South Dakota",4,39544,54530,2050,96124
1900,"Tennessee",12,145240,123108,5512,273860
1900,"Texas",15,267432,130641,25633,423706
1900,"Utah",3,45006,47139,1044,93189
1900,"Vermont",4,12849,42569,794,56212
1900,"Virginia",12,146079,115769,2360,264208
1900,"Washington",4,44833,57456,5235,107524
1900,"West Virginia",6,98807,119829,2160,220796
1900,"Wisconsin",12,159163,265760,17578,442501
1900,"Wyoming",3,10164,14482,41,24687
1904,"Alabama",11,79857,22472,6516,108845
1904,"Arkansas",9,64434,46860,5127,116421
1904,"California",10,89404,205226,37248,331878
1904,"Colorado",5,100105,134661,8901,243667
1904,"Connecticut",7,72909,111089,7130,191128
1904,"Delaware",3,19347,23705,804,43856
1904,"Florida",5,27046,8314,3949,39309
1904,"Georgia",13,83466,24004,23516,130986
1904,"Idaho",3,18480,47783,6315,72578
1904,"Illinois",27,327606,632645,116248,1076499
1904,"Indiana",15,274345,368289,39551,682185
1904,"Iowa",13,149276,308158,28659,486093
1904,"Kansas",10,86174,212955,29432,328561
1904,"Kentucky",13,217170,205457,13319,435946
1904,"Louisiana",9,47708,5205,995,53908
1904,"Maine",6,27642,65432,3949,97023
1904,"Maryland",8,109446,109497,5286,224229
1904,"Massachusetts",16,165746,257822,21541,445109
1904,"Michigan",14,135392,364957,24678,525027
1904,"Minnesota",11,55187,216651,21022,292860
1904,"Mississippi",10,53480,3280,1961,58721
1904,"Missouri",18,296312,321449,26100,643861
1904,"Montana",3,21773,34932,7739,64444
1904,"Nebraska",8,52921,138558,34253,225732
1904,"Nevada",3,3982,6864,1269,12115
1904,"New Hampshire",4,34074,54163,1924,90161
1904,"New Jersey",12,164566,245164,22817,432547
1904,"New York",39,683981,859533,74256,1617770
1904,"North Carolina",12,124091,82442,1285,207818
1904,"North Dakota",4,14273,52595,3146,70014
1904,"Ohio",23,344674,600095,59624,1004393
1904,"Oregon",4,17521,60455,12178,90154
1904,"Pennsylvania",34,337998,840949,57791,1236738
1904,"Rhode Island",4,24839,41605,2212,68656
1904,"South Carolina",9,52563,2554,1,55118
1904,"South Dakota",4,21969,72083,7343,101395
1904,"Tennessee",12,131653,105363,5734,242750
1904,"Texas",18,167200,51242,15566,234008
1904,"Utah",3,33413,62446,5813,101672
1904,"Vermont",4,9777,40459,1652,51888
1904,"Virginia",12,80649,48180,1581,130410
1904,"Washington",5,28098,101540,15513,145151
1904,"West Virginia",7,100855,132620,6511,239986
1904,"Wisconsin",13,124205,280315,38921,443441
1904,"Wyoming",3,8930,20489,1289,30708
1908,"Alabama",11,74374,25372,5186,104932
1908,"Arkansas",9,87015,56624,8183,151822
1908,"California",10,127492,214398,44707,386597
1908,"Colorado",5,126644,123693,13521,263858
1908,"Connecticut",7,68255,112915,8833,190003
1908,"Delaware",3,22055,25014,938,48007
1908,"Florida",5,31104,10654,7602,49360
1908,"Georgia",13,72350,41355,18799,132504
1908,"Idaho",3,36162,52621,8510,97293
1908,"Illinois",27,450810,629932,74512,1155254
1908,"Indiana",15,338262,348993,33871,721126
1908,"Iowa",13,200771,275209,18789,494769
1908,"Kansas",10,161209,197216,17521,375946
1908,"Kentucky",13,244092,235711,10916,490719
1908,"Louisiana",9,63568,8958,2591,75117
1908,"Maine",6,35403,66987,3946,106336
1908,"Maryland",8,115908,116513,6110,238531
1908,"Massachusetts",16,155543,265966,35410,456919
1908,"Michigan",14,175771,335580,30479,541830
1908,"Minnesota",11,109401,195843,26060,331304
1908,"Mississippi",10,60287,4363,2254,66904
1908,"Missouri",18,346574,347203,22150,715927
1908,"Montana",3,29326,32333,7163,68822
1908,"Nebraska",8,131099,126997,8703,266799
1908,"Nevada",3,11212,10775,2539,24526
1908,"New Hampshire",4,33655,53149,2796,89600
1908,"New Jersey",12,182567,265326,19305,467198
1908,"New York",39,667468,870070,100812,1638350
1908,"North Carolina",12,136928,114887,739,252554
1908,"North Dakota",4,32885,57680,3960,94525
1908,"Ohio",23,502721,572312,46519,1121552
1908,"Oklahoma",7,122363,110474,22146,254983
1908,"Oregon",4,38049,62530,10310,110889
1908,"Pennsylvania",34,448782,745779,72889,1267450
1908,"Rhode Island",4,24706,43942,3669,72317
1908,"South Carolina",9,62288,3945,146,66379
1908,"South Dakota",4,40266,67536,6973,114775
1908,"Tennessee",12,135608,117977,3595,257180
1908,"Texas",18,217302,65666,10789,293757
1908,"Utah",3,42601,61028,4984,108613
1908,"Vermont",4,11496,39552,1635,52683
1908,"Virginia",12,82946,52572,1547,137065
1908,"Washington",5,58691,106062,19126,183879
1908,"West Virginia",7,111418,137869,8818,258105
1908,"Wisconsin",13,166662,247747,40032,454441
1908,"Wyoming",3,14918,20846,1845,37609
1912,"Alabama",12,82438,9717,25714,117869
1912,"Arizona",3,10324,3021,10377,23722
1912,"Arkansas",9,68814,25585,30705,125104
1912,"California",13,283436,3914,390594,677944
1912,"Colorado",6,114232,58386,94262,266880
1912,"Connecticut",7,74561,68324,47519,190404
1912,"Delaware",3,22631,15998,10065,48694
1912,"Florida",6,35343,4279,11215,50837
1912,"Georgia",14,93087,5191,23192,121470
1912,"Idaho",4,33921,32810,39023,105754
1912,"Illinois",29,405048,253593,487532,1146173
1912,"Indiana",15,281890,151267,221317,654474
1912,"Iowa",13,185325,119805,187226,492356
1912,"Kansas",10,143663,74845,147052,365560
1912,"Kentucky",13,219484,115510,117720,452714
1912,"Louisiana",10,60871,3833,14544,79248
1912,"Maine",6,51113,26545,51982,129640
1912,"Maryland",8,112674,54956,64351,231981
1912,"Massachusetts",18,173408,155948,158701,488057
1912,"Michigan",15,150751,152244,247981,550976
1912,"Minnesota",12,106426,64334,163459,334219
1912,"Mississippi",10,57324,1560,5599,64483
1912,"Missouri",18,330746,207821,159999,698566
1912,"Montana",4,27941,18512,33373,79826
1912,"Nebraska",8,109008,54226,86249,249483
1912,"Nevada",3,7986,3196,8933,20115
1912,"New Hampshire",4,34724,32927,20310,87961
1912,"New Jersey",14,178289,88835,165615,432739
1912,"New Mexico",3,20437,17733,11206,49376
1912,"New York",45,655573,455487,477255,1588315
1912,"North Carolina",12,144507,29139,70272,243918
1912,"North Dakota",5,29555,23090,33935,86580
1912,"Ohio",24,424834,278168,334092,1037094
1912,"Oklahoma",10,119156,90786,43859,253801
1912,"Oregon",5,47064,34673,55303,137040
1912,"Pennsylvania",38,395637,273360,548739,1217736
1912,"Rhode Island",5,30412,27703,19779,77894
1912,"South Carolina",9,48357,536,1512,50405
1912,"South Dakota",5,48942,0,67383,116325
1912,"Tennessee",12,133021,60475,58437,251933
1912,"Texas",20,219489,28530,53759,301778
1912,"Utah",4,36579,42100,33707,112386
1912,"Vermont",4,15354,23332,24156,62842
1912,"Virginia",12,90332,23288,23356,136976
1912,"Washington",7,86840,70445,165514,322799
1912,"West Virginia",8,113197,56754,98877,268828
1912,"Wisconsin",13,164230,130596,105149,399975
1912,"Wyoming",3,15310,14560,12426,42296
1916,"Alabama",12,99409,28662,2657,130728
1916,"Arizona",3,33170,20524,4327,58021
1916,"Arkansas",9,112211,48879,9014,170104
1916,"California",13,466289,462516,70798,999603
1916,"Colorado",6,178816,102308,13251,294375
1916,"Connecticut",7,99786,106514,7574,213874
1916,"Delaware",3,24753,26011,1046,51810
1916,"Florida",6,55984,14611,10139,80734
1916,"Georgia",14,127754,11294,21633,160681
1916,"Idaho",4,70054,55368,9193,134615
1916,"Illinois",29,950229,1152549,89929,2192707
1916,"Indiana",15,334063,341005,43780,718848
1916,"Iowa",13,221699,280439,14806,516944
1916,"Kansas",10,314588,277658,37567,629813
1916,"Kentucky",13,269990,241854,8231,520075
1916,"Louisiana",10,79875,6466,6641,92982
1916,"Maine",6,64033,69508,2773,136314
1916,"Maryland",8,138359,117347,6333,262039
1916,"Massachusetts",18,247894,268784,15154,531832
1916,"Michigan",15,286775,339097,25101,650973
1916,"Minnesota",12,179152,179544,28668,387364
1916,"Mississippi",10,80422,4253,2004,86679
1916,"Missouri",18,398032,369339,19398,786769
1916,"Montana",4,101063,66750,9866,177679
1916,"Nebraska",8,158827,117771,10717,287315
1916,"Nevada",3,17776,12127,3413,33316
1916,"New Hampshire",4,43781,43725,1621,89127
1916,"New Jersey",14,211018,268982,14442,494442
1916,"New Mexico",3,33527,31152,2108,66787
1916,"New York",45,759426,879238,67641,1706305
1916,"North Carolina",12,168383,120890,562,289835
1916,"North Dakota",5,55206,53471,6713,115390
1916,"Ohio",24,604161,514753,46172,1165086
1916,"Oklahoma",10,148113,97233,47070,292416
1916,"Oregon",5,120087,126813,14750,261650
1916,"Pennsylvania",38,521784,703823,71685,1297292
1916,"Rhode Island",5,40394,44858,2564,87816
1916,"South Carolina",9,61846,1550,556,63952
1916,"South Dakota",5,59191,64217,5534,128942
1916,"Tennessee",12,153280,116223,2687,272190
1916,"Texas",20,286514,64999,20948,372461
1916,"Utah",4,84145,54137,4864,143146
1916,"Vermont",4,22708,40250,1517,64475
1916,"Virginia",12,102824,49356,1812,153992
1916,"Washington",7,183388,167208,30398,380994
1916,"West Virginia",8,140403,143124,6325,289852
1916,"Wisconsin",13,191363,220822,34949,447134
1916,"Wyoming",3,28316,21698,1826,51840
1920,"Alabama",12,160560,96589,3158,260307
1920,"Arizona",3,29546,37016,0,66562
1920,"Arkansas",9,107409,71117,5111,183637
1920,"California",13,229191,624992,89867,944050
1920,"Colorado",6,104936,173248,13869,292053
1920,"Connecticut",7,120721,229238,15559,365518
1920,"Delaware",3,39911,52858,2106,94875
1920,"Florida",6,90515,44853,10313,145681
1920,"Georgia",14,107162,41089,465,148716
1920,"Idaho",4,46579,88975,70,135624
1920,"Illinois",29,534395,1420480,139839,2094714
1920,"Indiana",15,511364,696370,55230,1262964
1920,"Iowa",13,227921,634674,32487,895082
1920,"Kansas",10,185464,369268,15586,570318
1920,"Kentucky",13,456497,452480,9659,918636
1920,"Louisiana",10,87519,38538,339,126396
1920,"Maine",6,58961,136355,2524,197840
1920,"Maryland",8,180626,236117,11700,428443
1920,"Massachusetts",18,276691,681153,35874,993718
1920,"Michigan",15,233450,762865,52096,1048411
1920,"Minnesota",12,142994,519421,73423,735838
1920,"Mississippi",10,69277,11576,1639,82492
1920,"Missouri",18,574799,727162,30839,1332800
1920,"Montana",4,57372,109430,12204,179006
1920,"Nebraska",8,119608,247498,15637,382743
1920,"Nevada",3,9851,15479,1864,27194
1920,"New Hampshire",4,62662,95196,1234,159092
1920,"New Jersey",14,256887,611541,35515,903943
1920,"New Mexico",3,46668,57634,1104,105406
1920,"New York",45,781238,1871167,246108,2898513
1920,"North Carolina",12,305447,232848,463,538758
1920,"North Dakota",5,37422,160072,8282,205776
1920,"Ohio",24,780037,1182022,59594,2021653
1920,"Oklahoma",10,217053,243831,25726,486610
1920,"Oregon",5,80019,143592,14911,238522
1920,"Pennsylvania",38,503843,1218216,130557,1852616
1920,"Rhode Island",5,55062,107463,5456,167981
1920,"South Carolina",9,64170,2610,28,66808
1920,"South Dakota",5,35938,110692,35607,182237
1920,"Tennessee",12,206558,219829,2239,428626
1920,"Texas",20,288767,114538,83336,486641
1920,"Utah",4,56639,81555,7634,145828
1920,"Vermont",4,20919,68212,830,89961
1920,"Virginia",12,141670,87456,1873,230999
1920,"Washington",7,84298,223137,91280,398715
1920,"West Virginia",8,220789,282007,7146,509942
1920,"Wisconsin",13,113422,498576,89282,701280
1920,"Wyoming",3,17429,35091,2180,54700
1924,"Alabama",12,113138,40615,8602,162355
1924,"Arizona",3,26235,30516,17210,73961
1924,"Arkansas",9,84795,40564,13173,138532
1924,"California",13,105514,733250,443136,1281900
1924,"Colorado",6,75238,195171,71851,342260
1924,"Connecticut",7,110184,246322,43789,400295
1924,"Delaware",3,33445,52441,4999,90885
1924,"Florida",6,62083,30633,16438,109154
1924,"Georgia",14,123200,30300,13077,166577
1924,"Idaho",4,24256,69879,54160,148295
1924,"Illinois",29,576975,1453321,439771,2470067
1924,"Indiana",15,492245,703042,77103,1272390
1924,"Iowa",13,160382,537458,278930,976770
1924,"Kansas",10,156319,407671,98464,662454
1924,"Kentucky",13,374855,398966,41511,815332
1924,"Louisiana",10,93218,24670,4063,121951
1924,"Maine",6,41964,138440,11788,192192
1924,"Maryland",8,148072,162414,48144,358630
1924,"Massachusetts",18,280831,703476,145530,1129837
1924,"Michigan",15,152359,874631,133429,1160419
1924,"Minnesota",12,55913,420759,345474,822146
1924,"Mississippi",10,100474,8494,3494,112462
1924,"Missouri",18,572753,648486,86719,1307958
1924,"Montana",4,33805,74138,66480,174423
1924,"Nebraska",8,137289,218585,108299,464173
1924,"Nevada",3,5909,11243,9769,26921
1924,"New Hampshire",4,57201,98575,8993,164769
1924,"New Jersey",14,297743,675162,113174,1086079
1924,"New Mexico",3,48542,54745,9543,112830
1924,"New York",45,950796,1820058,493085,3263939
1924,"North Carolina",12,284270,191753,6664,482687
1924,"North Dakota",5,13858,94931,90292,199081
1924,"Ohio",24,477888,1176130,362219,2016237
1924,"Oklahoma",10,255798,226242,46375,528415
1924,"Oregon",5,67589,142579,69320,279488
1924,"Pennsylvania",38,409192,1401481,334177,2144850
1924,"Rhode Island",5,76606,125286,8223,210115
1924,"South Carolina",9,49008,1123,621,50752
1924,"South Dakota",5,27214,101299,75355,203868
1924,"Tennessee",12,158682,130728,10810,300220
1924,"Texas",20,484605,130023,42881,657509
1924,"Utah",4,47001,77327,32662,156990
1924,"Vermont",4,16124,80498,6295,102917
1924,"Virginia",12,139716,73312,10574,223602
1924,"Washington",7,42842,220224,158483,421549
1924,"West Virginia",8,257232,288635,37795,583662
1924,"Wisconsin",13,68115,311614,461097,840826
1924,"Wyoming",3,12868,41858,25174,79900
1928,"Alabama",12,127796,120725,460,248981
1928,"Arizona",3,38537,52533,184,91254
1928,"Arkansas",9,119196,77751,746,197693
1928,"California",13,614365,1162323,19968,1796656
1928,"Colorado",6,133131,253872,5239,392242
1928,"Connecticut",7,252085,296641,4398,553124
1928,"Delaware",3,36643,68860,388,105891
1928,"Florida",6,101764,144168,7742,253674
1928,"Georgia",14,129602,99368,188,229158
1928,"Idaho",4,52926,97322,1293,151541
1928,"Illinois",29,1313817,1769141,24531,3107489
1928,"Indiana",15,562691,848290,10333,1421314
1928,"Iowa",13,379311,623570,6608,1009489
1928,"Kansas",10,193003,513672,6525,713200
1928,"Kentucky",13,381070,558734,1470,941274
1928,"Louisiana",10,164655,51160,18,215833
1928,"Maine",6,81179,179923,1069,262171
1928,"Maryland",8,223626,301479,3243,528348
1928,"Massachusetts",18,792758,775566,9499,1577823
1928,"Michigan",15,396762,965396,9924,1372082
1928,"Minnesota",12,396451,560977,13548,970976
1928,"Mississippi",10,124539,27153,0,151692
1928,"Missouri",18,662562,834080,4079,1500721
1928,"Montana",4,78578,113300,2230,194108
1928,"Nebraska",8,197959,345745,3440,547144
1928,"Nevada",3,14090,18327,0,32417
1928,"New Hampshire",4,80715,115404,638,196757
1928,"New Jersey",14,616517,926050,6814,1549381
1928,"New Mexico",3,48211,69645,158,118014
1928,"New York",45,2089863,2193344,122419,4405626
1928,"North Carolina",12,286227,348923,0,635150
1928,"North Dakota",5,106648,131441,1778,239867
1928,"Ohio",24,864210,1627546,16590,2508346
1928,"Oklahoma",10,219174,394046,5207,618427
1928,"Oregon",5,109223,205341,5378,319942
1928,"Pennsylvania",38,1067586,2055382,27642,3150610
1928,"Rhode Island",5,118973,117522,699,237194
1928,"South Carolina",9,62700,5858,47,68605
1928,"South Dakota",5,102660,157603,1602,261865
1928,"Tennessee",12,167343,195388,742,363473
1928,"Texas",20,341032,367036,931,708999
1928,"Utah",4,80985,94618,1000,176603
1928,"Vermont",4,44440,90404,347,135191
1928,"Virginia",12,140146,164609,603,305358
1928,"Washington",7,156772,335844,8224,500840
1928,"West Virginia",8,263784,375551,3417,642752
1928,"Wisconsin",13,450259,544205,22367,1016831
1928,"Wyoming",3,29299,52748,788,82835
1932,"Alabama",11,207910,34675,2769,245354
1932,"Arizona",3,79264,36104,2883,118251
1932,"Arkansas",9,189602,28467,2493,220562
1932,"California",22,1324157,847902,95907,2267966
1932,"Colorado",6,250877,189617,17202,457696
1932,"Connecticut",8,281632,288420,24131,594183
1932,"Delaware",3,54319,57073,1509,112901
1932,"Florida",7,206307,69170,775,276252
1932,"Georgia",12,234118,19863,1609,255590
1932,"Idaho",4,109479,71417,5729,186625
1932,"Illinois",29,1882304,1432756,92866,3407926
1932,"Indiana",14,862054,677184,37689,1576927
1932,"Iowa",11,598019,414433,24235,1036687
1932,"Kansas",9,424204,349498,18276,791978
1932,"Kentucky",11,580574,394716,7773,983063
1932,"Louisiana",10,249418,18853,533,268804
1932,"Maine",5,128907,166631,2906,298444
1932,"Maryland",8,314314,184184,12556,511054
1932,"Massachusetts",17,800148,736959,43007,1580114
1932,"Michigan",19,871700,739894,53171,1664765
1932,"Minnesota",11,600806,363959,38078,1002843
1932,"Mississippi",9,140168,5180,686,146034
1932,"Missouri",15,1025406,564713,19775,1609894
1932,"Montana",4,127286,78078,11115,216479
1932,"Nebraska",7,359082,201177,9878,570137
1932,"Nevada",3,28756,12674,0,41430
1932,"New Hampshire",4,100680,103629,1211,205520
1932,"New Jersey",16,806630,775684,47749,1630063
1932,"New Mexico",3,95089,54217,2300,151606
1932,"New York",47,2534959,1937963,215692,4688614
1932,"North Carolina",13,497566,208344,5591,711501
1932,"North Dakota",4,178350,71772,6168,256290
1932,"Ohio",26,1301695,1227319,80714,2609728
1932,"Oklahoma",11,516468,188165,0,704633
1932,"Oregon",5,213871,136019,18918,368808
1932,"Pennsylvania",36,1295948,1453540,109689,2859177
1932,"Rhode Island",4,146604,115266,4300,266170
1932,"South Carolina",8,102347,1978,82,104407
1932,"South Dakota",4,183515,99212,5711,288438
1932,"Tennessee",11,259473,126752,4031,390256
1932,"Texas",23,760348,97959,5119,863426
1932,"Utah",4,116750,84795,5033,206578
1932,"Vermont",3,56266,78984,1730,136980
1932,"Virginia",11,203979,89637,4326,297942
1932,"Washington",8,353260,208645,52909,614814
1932,"West Virginia",8,405124,330731,7919,743774
1932,"Wisconsin",12,707410,347741,59657,1114808
1932,"Wyoming",3,54370,39583,3009,96962
1936,"Alabama",11,238196,35358,2190,275744
1936,"Arizona",3,86722,33433,4008,124163
1936,"Arkansas",9,146765,32039,619,179423
1936,"California",22,1766836,836431,35615,2638882
1936,"Colorado",6,295021,181267,12396,488684
1936,"Connecticut",8,382129,278685,29909,690723
1936,"Delaware",3,69702,57236,665,127603
1936,"Florida",7,249117,78248,67,327432
1936,"Georgia",12,255364,36942,872,293178
1936,"Idaho",4,125683,66256,7678,199617
1936,"Illinois",29,2282999,1570393,103130,3956522
1936,"Indiana",14,934974,691570,24353,1650897
1936,"Iowa",11,621756,487977,33000,1142733
1936,"Kansas",9,464520,397727,3267,865514
1936,"Kentucky",11,541944,369702,14560,926206
1936,"Louisiana",10,292894,36791,93,329778
1936,"Maine",5,126333,168823,9084,304240
1936,"Maryland",8,389612,231435,3849,624896
1936,"Massachusetts",17,942716,768613,129028,1840357
1936,"Michigan",19,1016794,699733,88571,1805098
1936,"Minnesota",11,698811,350461,80703,1129975
1936,"Mississippi",9,157333,4467,342,162142
1936,"Missouri",15,1111043,697891,19701,1828635
1936,"Montana",4,159690,63598,7224,230512
1936,"Nebraska",7,347445,247731,12847,608023
1936,"Nevada",3,31925,11923,0,43848
1936,"New Hampshire",4,108460,104642,5012,218114
1936,"New Jersey",16,1083850,720322,16265,1820437
1936,"New Mexico",3,106037,61727,1372,169136
1936,"New York",47,3293222,2180670,122506,5596398
1936,"North Carolina",13,616141,223283,40,839464
1936,"North Dakota",4,163148,72751,37817,273716
1936,"Ohio",26,1747140,1127855,137594,3012589
1936,"Oklahoma",11,501069,245122,3549,749740
1936,"Oregon",5,266733,122706,24582,414021
1936,"Pennsylvania",36,2353987,1690200,94239,4138426
1936,"Rhode Island",4,165238,125031,20909,311178
1936,"South Carolina",8,113791,1646,0,115437
1936,"South Dakota",4,160137,125977,10338,296452
1936,"Tennessee",11,327083,146520,1935,475538
1936,"Texas",23,739952,104661,5123,849736
1936,"Utah",4,150246,64555,1876,216677
1936,"Vermont",3,62124,81023,542,143689
1936,"Virginia",11,234980,98336,1274,334590
1936,"Washington",8,459579,206892,25867,692338
1936,"West Virginia",8,502582,325358,2005,829945
1936,"Wisconsin",12,802984,380828,74748,1258560
1936,"Wyoming",3,62624,38739,2019,103382
1940,"Alabama",11,250726,42184,1309,294219
1940,"Arizona",3,95267,54030,742,150039
1940,"Arkansas",9,158622,42121,0,200743
1940,"California",22,1877618,1351419,39754,3268791
1940,"Colorado",6,265554,279576,3874,549004
1940,"Connecticut",8,417621,361819,2062,781502
1940,"Delaware",3,74599,61440,335,136374
1940,"Florida",7,359334,126158,0,485492
1940,"Georgia",12,265194,46360,997,312551
1940,"Idaho",4,127842,106553,773,235168
1940,"Illinois",29,2149934,2047240,20761,4217935
1940,"Indiana",14,874063,899466,9218,1782747
1940,"Iowa",11,578800,632370,4260,1215430
1940,"Kansas",9,364725,489169,6403,860297
1940,"Kentucky",11,557322,410384,2457,970163
1940,"Louisiana",10,319751,52446,108,372305
1940,"Maine",5,156478,163951,411,320840
1940,"Maryland",8,384546,269534,6037,660117
1940,"Massachusetts",17,1076522,939700,10771,2026993
1940,"Michigan",19,1032991,1039917,13021,2085929
1940,"Minnesota",11,644196,596274,10718,1251188
1940,"Mississippi",9,168267,7364,193,175824
1940,"Missouri",15,958476,871009,4244,1833729
1940,"Montana",4,145698,99579,2596,247873
1940,"Nebraska",7,263677,352201,0,615878
1940,"Nevada",3,31945,21229,0,53174
1940,"New Hampshire",4,125292,110127,0,235419
1940,"New Jersey",16,1016808,945475,10269,1972552
1940,"New Mexico",3,103699,79315,244,183258
1940,"New York",47,3251918,3027478,34501,6313897
1940,"North Carolina",13,609015,213633,0,822648
1940,"North Dakota",4,124036,154590,2149,280775
1940,"Ohio",26,1733139,1586773,0,3319912
1940,"Oklahoma",11,474313,348872,3027,826212
1940,"Oregon",5,258415,219555,3270,481240
1940,"Pennsylvania",36,2171035,1889848,17831,4078714
1940,"Rhode Island",4,182182,138653,313,321148
1940,"South Carolina",8,95470,4360,2,99832
1940,"South Dakota",4,131362,177065,0,308427
1940,"Tennessee",11,351601,169153,2069,522823
1940,"Texas",23,909974,212692,1865,1124531
1940,"Utah",4,154277,93151,391,247819
1940,"Vermont",3,64269,78371,422,143062
1940,"Virginia",11,235961,109363,1283,346607
1940,"Washington",8,462145,322123,9565,793833
1940,"West Virginia",8,495662,372414,0,868076
1940,"Wisconsin",12,704821,679206,21495,1405522
1940,"Wyoming",3,59287,52633,320,112240
1944,"Alabama",11,198918,44540,1285,244743
1944,"Arizona",4,80926,56287,421,137634
1944,"Arkansas",9,148965,63551,438,212954
1944,"California",25,1988564,1512965,19346,3520875
1944,"Colorado",6,234331,268731,1977,505039
1944,"Connecticut",8,435146,390527,6317,831990
1944,"Delaware",3,68166,56747,448,125361
1944,"Florida",8,339377,143215,0,482592
1944,"Georgia",12,268187,59880,42,328109
1944,"Idaho",4,107399,100137,785,208321
1944,"Illinois",28,2079479,1939314,17268,4036061
1944,"Indiana",13,781403,875891,14797,1672091
1944,"Iowa",10,499876,547267,5456,1052599
1944,"Kansas",8,287458,442096,4222,733776
1944,"Kentucky",11,472589,392448,2884,867921
1944,"Louisiana",10,281564,67750,69,349383
1944,"Maine",5,140631,155434,335,296400
1944,"Maryland",8,315490,292949,0,608439
1944,"Massachusetts",16,1035296,921350,4019,1960665
1944,"Michigan",19,1106899,1084423,13901,2205223
1944,"Minnesota",11,589864,527416,8249,1125529
1944,"Mississippi",9,168479,11601,0,180080
1944,"Missouri",15,807804,761524,3146,1572474
1944,"Montana",4,112556,93163,1636,207355
1944,"Nebraska",6,233246,329880,0,563126
1944,"Nevada",3,29623,24611,0,54234
1944,"New Hampshire",4,119663,109916,48,229627
1944,"New Jersey",16,987874,961335,14552,1963761
1944,"New Mexico",4,81389,70688,148,152225
1944,"New York",47,3304238,2987647,24932,6316817
1944,"North Carolina",14,527399,263155,0,790554
1944,"North Dakota",4,100144,118535,1492,220171
1944,"Ohio",25,1570763,1582293,0,3153056
1944,"Oklahoma",10,401549,319424,1663,722636
1944,"Oregon",6,248635,225365,6147,480147
1944,"Pennsylvania",35,1940479,1835054,19260,3794793
1944,"Rhode Island",4,175356,123487,433,299276
1944,"South Carolina",8,90601,4610,8164,103375
1944,"South Dakota",4,96711,135365,0,232076
1944,"Tennessee",12,308707,200311,1674,510692
1944,"Texas",23,821605,191425,137301,1150331
1944,"Utah",4,150088,97891,340,248319
1944,"Vermont",3,53820,71527,14,125361
1944,"Virginia",11,242276,145243,966,388485
1944,"Washington",8,486774,361689,7865,856328
1944,"West Virginia",8,392777,322819,0,715596
1944,"Wisconsin",12,650413,674532,14207,1339152
1944,"Wyoming",3,49419,51921,0,101340
1948,"Alabama",11,0,40930,174050,214980
1948,"Arizona",4,95251,77597,4217,177065
1948,"Arkansas",9,149659,50959,41857,242475
1948,"California",25,1913134,1895269,213135,4021538
1948,"Colorado",6,267288,239714,8235,515237
1948,"Connecticut",8,423297,437754,22467,883518
1948,"Delaware",3,67813,69588,1672,139073
1948,"Florida",8,281988,194280,101375,577643
1948,"Georgia",12,254646,76691,87427,418764
1948,"Idaho",4,107370,101514,5932,214816
1948,"Illinois",28,1994715,1961103,28228,3984046
1948,"Indiana",13,807833,821079,27302,1656214
1948,"Iowa",10,522380,494018,21874,1038272
1948,"Kansas",8,351902,423039,13878,788819
1948,"Kentucky",11,466756,341210,14692,822658
1948,"Louisiana",10,136344,72657,207335,416336
1948,"Maine",5,111916,150234,2639,264789
1948,"Maryland",8,286521,294814,15400,596735
1948,"Massachusetts",16,1151788,909370,45988,2107146
1948,"Michigan",19,1003448,1038595,67566,2109609
1948,"Minnesota",11,692966,483617,35643,1212226
1948,"Mississippi",9,19384,5043,167763,192190
1948,"Missouri",15,917315,655039,6274,1578628
1948,"Montana",4,119071,96770,8437,224278
1948,"Nebraska",6,224165,264774,1,488940
1948,"Nevada",3,31291,29357,1469,62117
1948,"New Hampshire",4,107995,121299,2146,231440
1948,"New Jersey",16,895455,981124,72976,1949555
1948,"New Mexico",4,105464,80303,1296,187063
1948,"New York",47,2780204,2841163,557135,6178502
1948,"North Carolina",14,459070,258572,73567,791209
1948,"North Dakota",4,95812,115139,9765,220716
1948,"Ohio",25,1452791,1445684,37596,2936071
1948,"Oklahoma",10,452782,268817,0,721599
1948,"Oregon",6,243147,260904,20029,524080
1948,"Pennsylvania",35,1752426,1902197,80525,3735148
1948,"Rhode Island",4,188736,135787,3179,327702
1948,"South Carolina",8,34423,5386,102762,142571
1948,"South Dakota",4,117653,129651,2801,250105
1948,"Tennessee",12,270402,202914,76967,550283
1948,"Texas",23,824235,303467,121875,1249577
1948,"Utah",4,149151,124402,2752,276305
1948,"Vermont",3,45557,75926,1899,123382
1948,"Virginia",11,200786,172070,46400,419256
1948,"Washington",8,476165,386315,42579,905059
1948,"West Virginia",8,429188,316251,3311,748750
1948,"Wisconsin",12,647310,590959,38531,1276800
1948,"Wyoming",3,52354,47947,1124,101425
1952,"Alabama",11,275075,149231,1814,426120
1952,"Arizona",4,108528,152042,0,260570
1952,"Arkansas",8,226300,177155,1345,404800
1952,"California",32,2257646,3035587,48370,5341603
1952,"Colorado",6,245504,379782,4817,630103
1952,"Connecticut",8,481649,611012,4250,1096911
1952,"Delaware",3,83315,90059,651,174025
1952,"Florida",10,444950,544036,351,989337
1952,"Georgia",12,456823,198979,1,655803
1952,"Idaho",4,95081,180707,443,276231
1952,"Illinois",27,2013920,2457327,9811,4481058
1952,"Indiana",13,801530,1136259,17536,1955325
1952,"Iowa",10,451513,808906,8354,1268773
1952,"Kansas",8,273296,616302,6568,896166
1952,"Kentucky",10,495729,495029,2390,993148
1952,"Louisiana",10,345027,306925,0,651952
1952,"Maine",5,118806,232353,627,351786
1952,"Maryland",9,395337,499424,7313,902074
1952,"Massachusetts",16,1083525,1292325,7548,2383398
1952,"Michigan",20,1230657,1551529,16406,2798592
1952,"Minnesota",11,608458,763211,7814,1379483
1952,"Mississippi",8,172566,112966,0,285532
1952,"Missouri",13,929830,959429,2803,1892062
1952,"Montana",4,106213,157394,1430,265037
1952,"Nebraska",6,188057,421603,0,609660
1952,"Nevada",3,31688,50502,0,82190
1952,"New Hampshire",4,106663,166287,0,272950
1952,"New Jersey",16,1015902,1374613,29039,2419554
1952,"New Mexico",4,105661,132170,777,238608
1952,"New York",45,3104601,3952815,70825,7128241
1952,"North Carolina",14,652803,558107,0,1210910
1952,"North Dakota",4,76694,191712,1721,270127
1952,"Ohio",25,1600367,2100391,0,3700758
1952,"Oklahoma",8,430939,518045,0,948984
1952,"Oregon",6,270579,420815,3665,695059
1952,"Pennsylvania",32,2146269,2415789,18911,4580969
1952,"Rhode Island",4,203293,210935,270,414498
1952,"South Carolina",8,173004,168082,0,341086
1952,"South Dakota",4,90426,203857,0,294283
1952,"Tennessee",11,443710,446147,2696,892553
1952,"Texas",24,969228,1102878,3840,2075946
1952,"Utah",4,135364,194190,0,329554
1952,"Vermont",3,43355,109717,485,153557
1952,"Virginia",12,268677,349037,1975,619689
1952,"Washington",9,492845,599107,10756,1102708
1952,"West Virginia",8,453578,419970,0,873548
1952,"Wisconsin",12,622175,979744,5451,1607370
1952,"Wyoming",3,47934,81047,270,129251
1956,"Alabama",11,280844,195694,20333,496871
1956,"Arizona",4,112880,176990,303,290173
1956,"Arkansas",8,213277,186287,7008,406572
1956,"California",32,2420135,3027668,18552,5466355
1956,"Colorado",6,263997,394479,4598,663074
1956,"Connecticut",8,405079,711837,205,1117121
1956,"Delaware",3,79421,98057,510,177988
1956,"Florida",10,480371,643849,0,1124220
1956,"Georgia",12,441094,216652,5734,663480
1956,"Idaho",4,105868,166979,142,272989
1956,"Illinois",27,1775682,2623327,8398,4407407
1956,"Indiana",13,783908,1182811,7888,1974607
1956,"Iowa",10,501858,729187,3519,1234564
1956,"Kansas",8,296317,566878,3048,866243
1956,"Kentucky",10,476453,572192,5160,1053805
1956,"Louisiana",10,243977,329047,44520,617544
1956,"Maine",5,102468,249238,0,351706
1956,"Maryland",9,372613,559738,0,932351
1956,"Massachusetts",16,948190,1393197,7119,2348506
1956,"Michigan",20,1359898,1713647,6923,3080468
1956,"Minnesota",11,617525,719302,3178,1340005
1956,"Mississippi",8,144498,60685,42966,248149
1956,"Missouri",13,918273,914289,0,1832562
1956,"Montana",4,116238,154933,0,271171
1956,"Nebraska",6,199029,378108,0,577137
1956,"Nevada",3,40640,56049,0,96689
1956,"New Hampshire",4,90364,176519,111,266994
1956,"New Jersey",16,850337,1606942,27033,2484312
1956,"New Mexico",4,106098,146788,1040,253926
1956,"New York",45,2750769,4340340,2227,7093336
1956,"North Carolina",14,590530,575062,0,1165592
1956,"North Dakota",4,96742,156766,483,253991
1956,"Ohio",25,1439655,2262610,0,3702265
1956,"Oklahoma",8,385581,473769,0,859350
1956,"Oregon",6,329204,406393,0,735597
1956,"Pennsylvania",32,1981769,2585252,9482,4576503
1956,"Rhode Island",4,161790,225819,2,387611
1956,"South Carolina",8,136372,75700,88511,300583
1956,"South Dakota",4,122288,171569,0,293857
1956,"Tennessee",11,456507,462288,20609,939404
1956,"Texas",24,859958,1080619,14968,1955545
1956,"Utah",4,118364,215631,0,333995
1956,"Vermont",3,42549,110390,39,152978
1956,"Virginia",12,267760,386459,43759,697978
1956,"Washington",9,523002,620430,7457,1150889
1956,"West Virginia",8,381534,449297,0,830831
1956,"Wisconsin",12,586768,954844,8946,1550558
1956,"Wyoming",3,49554,74573,0,124127
1960,"Alabama",11,318303,237981,8189,564473
1960,"Alaska",3,29809,30953,0,60762
1960,"Arizona",4,176781,221241,469,398491
1960,"Arkansas",8,215049,184508,28952,428509
1960,"California",32,3224099,3259722,22757,6506578
1960,"Colorado",6,330629,402242,3375,736246
1960,"Connecticut",8,657055,565813,15,1222883
1960,"Delaware",3,99590,96373,720,196683
1960,"Florida",10,748700,795476,0,1544176
1960,"Georgia",12,458638,274472,239,733349
1960,"Hawaii",3,92410,92295,0,184705
1960,"Idaho",4,138853,161597,0,300450
1960,"Illinois",27,2377846,2368988,10575,4757409
1960,"Indiana",13,952358,1175120,7882,2135360
1960,"Iowa",10,550565,722381,864,1273810
1960,"Kansas",8,363213,561474,4138,928825
1960,"Kentucky",10,521855,602607,0,1124462
1960,"Louisiana",10,407339,230980,169572,807891
1960,"Maine",5,181159,240608,6,421773
1960,"Maryland",9,565808,489538,3,1055349
1960,"Massachusetts",16,1487174,976750,5556,2469480
1960,"Michigan",20,1687269,1620428,10400,3318097
1960,"Minnesota",11,779933,757915,4039,1541887
1960,"Mississippi",8,108362,73561,116248,298171
1960,"Missouri",13,972201,962221,0,1934422
1960,"Montana",4,134891,141841,847,277579
1960,"Nebraska",6,232542,380553,0,613095
1960,"Nevada",3,54880,52387,0,107267
1960,"New Hampshire",4,137772,157989,0,295761
1960,"New Jersey",16,1385415,1363324,24372,2773111
1960,"New Mexico",4,156027,153733,1347,311107
1960,"New York",45,3830085,3446419,14575,7291079
1960,"North Carolina",14,713136,655420,0,1368556
1960,"North Dakota",4,123963,154310,158,278431
1960,"Ohio",25,1944248,2217611,0,4161859
1960,"Oklahoma",8,370111,533039,0,903150
1960,"Oregon",6,367402,408060,959,776421
1960,"Pennsylvania",32,2556282,2439956,10303,5006541
1960,"Rhode Island",4,258032,147502,1,405535
1960,"South Carolina",8,198129,188558,1,386688
1960,"South Dakota",4,128070,178417,0,306487
1960,"Tennessee",11,481453,556577,13762,1051792
1960,"Texas",24,1167567,1121310,22207,2311084
1960,"Utah",4,169248,205361,100,374709
1960,"Vermont",3,69186,98131,7,167324
1960,"Virginia",12,362327,404521,4601,771449
1960,"Washington",9,599298,629273,13001,1241572
1960,"West Virginia",8,441786,395995,0,837781
1960,"Wisconsin",12,830805,895175,3102,1729082
1960,"Wyoming",3,63331,77451,0,140782
1964,"Alabama",10,0,479085,210732,689817
1964,"Alaska",3,44329,22930,0,67259
1964,"Arizona",5,237753,242535,482,480770
1964,"Arkansas",6,314197,243264,2965,560426
1964,"California",40,4171877,2879108,6601,7057586
1964,"Colorado",6,476024,296767,4195,776986
1964,"Connecticut",8,826269,390996,1313,1218578
1964,"Delaware",3,122704,78078,538,201320
1964,"D. C.",3,169796,28801,0,198597
1964,"Florida",14,948540,905941,0,1854481
1964,"Georgia",12,522557,616584,195,1139336
1964,"Hawaii",4,163249,44022,0,207271
1964,"Idaho",4,148920,143557,0,292477
1964,"Illinois",26,2796833,1905946,62,4702841
1964,"Indiana",13,1170848,911118,9640,2091606
1964,"Iowa",9,733030,449148,2361,1184539
1964,"Kansas",7,464028,386579,7294,857901
1964,"Kentucky",9,669659,372977,3469,1046105
1964,"Louisiana",10,387068,509225,0,896293
1964,"Maine",4,262264,118701,256,381221
1964,"Maryland",10,730912,385495,50,1116457
1964,"Massachusetts",14,1786422,549727,8649,2344798
1964,"Michigan",21,2136615,1060152,6335,3203102
1964,"Minnesota",10,991117,559624,3721,1554462
1964,"Mississippi",7,52618,356528,0,409146
1964,"Missouri",12,1164344,653535,0,1817879
1964,"Montana",4,164246,113032,1350,278628
1964,"Nebraska",5,307307,276847,0,584154
1964,"Nevada",3,79339,56094,0,135433
1964,"New Hampshire",4,184064,104029,0,288093
1964,"New Jersey",17,1867671,963843,15256,2846770
1964,"New Mexico",4,194017,131838,1760,327615
1964,"New York",43,4913156,2243559,9300,7166015
1964,"North Carolina",13,800139,624844,0,1424983
1964,"North Dakota",4,149784,108207,398,258389
1964,"Ohio",26,2498331,1470865,0,3969196
1964,"Oklahoma",8,519834,412665,0,932499
1964,"Oregon",6,501017,282779,2509,786305
1964,"Pennsylvania",29,3130954,1673657,18079,4822690
1964,"Rhode Island",4,315463,74615,13,390091
1964,"South Carolina",8,215700,309048,8,524756
1964,"South Dakota",4,163010,130108,0,293118
1964,"Tennessee",11,634947,508965,34,1143946
1964,"Texas",25,1663185,958566,5060,2626811
1964,"Utah",4,219628,180682,0,400310
1964,"Vermont",3,108127,54942,20,163089
1964,"Virginia",12,558038,481334,2895,1042267
1964,"Washington",9,779881,470366,8309,1258556
1964,"West Virginia",7,538087,253953,0,792040
1964,"Wisconsin",12,1050424,638495,2896,1691815
1964,"Wyoming",3,80718,61998,0,142716
1968,"Alabama",10,196579,146923,706415,1049917
1968,"Alaska",3,35411,37600,10024,83035
1968,"Arizona",5,170514,266721,49701,486936
1968,"Arkansas",6,184901,189062,235627,609590
1968,"California",40,3244318,3467664,539605,7251587
1968,"Colorado",6,335174,409345,66680,811199
1968,"Connecticut",8,621561,556721,77950,1256232
1968,"Delaware",3,89194,96714,28459,214367
1968,"D. C.",3,139566,31012,0,170578
1968,"Florida",14,676794,886804,624207,2187805
1968,"Georgia",12,334440,380111,535715,1250266
1968,"Hawaii",4,141324,91425,3469,236218
1968,"Idaho",4,89273,165369,36541,291183
1968,"Illinois",26,2039814,2174774,405161,4619749
1968,"Indiana",13,806659,1067885,249053,2123597
1968,"Iowa",9,476699,619106,72126,1167931
1968,"Kansas",7,302996,478674,91113,872783
1968,"Kentucky",9,397541,462411,195941,1055893
1968,"Louisiana",10,309615,257535,530300,1097450
1968,"Maine",4,217312,169254,6370,392936
1968,"Maryland",10,538310,517995,178734,1235039
1968,"Massachusetts",14,1469218,766844,95690,2331752
1968,"Michigan",21,1593082,1370665,342503,3306250
1968,"Minnesota",10,857738,658643,72129,1588510
1968,"Mississippi",7,150644,88516,415349,654509
1968,"Missouri",12,791444,811932,206126,1809502
1968,"Montana",4,114117,138835,21452,274404
1968,"Nebraska",5,170784,321163,44904,536851
1968,"Nevada",3,60598,73188,20432,154218
1968,"New Hampshire",4,130589,154903,11807,297299
1968,"New Jersey",17,1264206,1325467,285722,2875395
1968,"New Mexico",4,130081,169692,27508,327281
1968,"New York",43,3378470,3007932,403664,6790066
1968,"North Carolina",13,464113,627192,496188,1587493
1968,"North Dakota",4,94769,138669,14444,247882
1968,"Ohio",26,1700586,1791014,468098,3959698
1968,"Oklahoma",8,301658,449697,191731,943086
1968,"Oregon",6,358866,408433,52323,819622
1968,"Pennsylvania",29,2259405,2090017,398506,4747928
1968,"Rhode Island",4,246518,122359,16123,385000
1968,"South Carolina",8,197486,254062,215434,666982
1968,"South Dakota",4,118023,149841,13400,281264
1968,"Tennessee",11,351233,472592,424792,1248617
1968,"Texas",25,1266804,1227844,584758,3079406
1968,"Utah",4,156665,238728,27175,422568
1968,"Vermont",3,70255,85142,6007,161404
1968,"Virginia",12,442387,590319,328785,1361491
1968,"Washington",9,616037,588510,99734,1304281
1968,"West Virginia",7,374091,307555,72560,754206
1968,"Wisconsin",12,748804,809997,132737,1691538
1968,"Wyoming",3,45173,70927,11105,127205
1972,"Alabama",9,256923,728701,20469,1006093
1972,"Alaska",3,32967,55349,6903,95219
1972,"Arizona",6,198540,402812,52153,653505
1972,"Arkansas",6,198899,445751,3016,647666
1972,"California",45,3475847,4602096,289919,8367862
1972,"Colorado",7,329980,597189,26715,953884
1972,"Connecticut",8,555498,810763,18016,1384277
1972,"Delaware",3,92283,140357,2876,235516
1972,"D. C.",3,127627,35226,568,163421
1972,"Florida",17,718117,1857759,7407,2583283
1972,"Georgia",12,289529,881496,3747,1174772
1972,"Hawaii",4,101409,168865,0,270274
1972,"Idaho",4,80826,199384,30169,310379
1972,"Illinois",26,1913472,2788179,21585,4723236
1972,"Indiana",13,708568,1405154,11807,2125529
1972,"Iowa",8,496206,706207,23531,1225944
1972,"Kansas",7,270287,619812,25996,916095
1972,"Kentucky",9,371159,676446,19894,1067499
1972,"Louisiana",10,298142,686852,66497,1051491
1972,"Maine",4,160584,256458,229,417271
1972,"Maryland",10,505781,829305,18726,1353812
1972,"Massachusetts",14,1332540,1112078,14138,2458756
1972,"Michigan",21,1459435,1961721,69169,3490325
1972,"Minnesota",10,802346,898269,41037,1741652
1972,"Mississippi",7,126782,505125,14056,645963
1972,"Missouri",12,698531,1154058,0,1852589
1972,"Montana",4,120197,183976,13430,317603
1972,"Nebraska",5,169991,406298,0,576289
1972,"Nevada",3,66016,115750,0,181766
1972,"New Hampshire",4,116435,213724,3900,334059
1972,"New Jersey",17,1102211,1845502,49516,2997229
1972,"New Mexico",4,141084,235606,9241,385931
1972,"New York",41,2951084,4192778,17968,7161830
1972,"North Carolina",13,438705,1054889,25018,1518612
1972,"North Dakota",3,100384,174109,6021,280514
1972,"Ohio",25,1558889,2441827,94071,4094787
1972,"Oklahoma",8,247147,759025,23728,1029900
1972,"Oregon",6,392760,486686,48500,927946
1972,"Pennsylvania",27,1796951,2714521,80633,4592105
1972,"Rhode Island",4,194645,220383,780,415808
1972,"South Carolina",8,189270,478427,10183,677880
1972,"South Dakota",4,139945,166476,994,307415
1972,"Tennessee",10,357293,813147,30742,1201182
1972,"Texas",26,1154291,2298896,19527,3472714
1972,"Utah",4,126284,323643,28549,478476
1972,"Vermont",3,68174,117149,1623,186946
1972,"Virginia",12,438887,988493,29639,1457019
1972,"Washington",9,568334,837135,65378,1470847
1972,"West Virginia",6,277435,484964,0,762399
1972,"Wisconsin",11,810174,989430,53286,1852890
1972,"Wyoming",3,44358,100464,748,145570
1976,"Alabama",9,659170,504070,19610,1182850
1976,"Alaska",3,44058,71555,7961,123574
1976,"Arizona",6,295602,418642,28475,742719
1976,"Arkansas",6,499614,268753,1029,769396
1976,"California",45,3742284,3882244,242589,7867117
1976,"Colorado",7,460353,584367,36415,1081135
1976,"Connecticut",8,647895,719261,14370,1381526
1976,"Delaware",3,122596,109831,3407,235834
1976,"D. C.",3,137818,27873,3139,168830
1976,"Florida",17,1636000,1469531,45100,3150631
1976,"Georgia",12,979409,483743,4306,1467458
1976,"Hawaii",4,147375,140003,3923,291301
1976,"Idaho",4,126549,204151,10232,340932
1976,"Illinois",26,2271295,2364269,83269,4718833
1976,"Indiana",13,1014714,1183958,21690,2220362
1976,"Iowa",8,619931,632863,26512,1279306
1976,"Kansas",7,430421,502752,24672,957845
1976,"Kentucky",9,615717,531852,19573,1167142
1976,"Louisiana",10,661365,587446,29628,1278439
1976,"Maine",4,232279,236320,14609,483208
1976,"Maryland",10,759612,672661,0,1432273
1976,"Massachusetts",14,1429475,1030276,87807,2547558
1976,"Michigan",21,1696714,1893742,63293,3653749
1976,"Minnesota",10,1070440,819395,60096,1949931
1976,"Mississippi",7,381309,366846,21205,769360
1976,"Missouri",12,998387,927443,27770,1953600
1976,"Montana",4,149259,173703,5772,328734
1976,"Nebraska",5,233692,359705,14271,607668
1976,"Nevada",3,92479,101273,8124,201876
1976,"New Hampshire",4,147635,185935,6048,339618
1976,"New Jersey",17,1444653,1509688,60131,3014472
1976,"New Mexico",4,201148,211419,4023,416590
1976,"New York",41,3389558,3100791,44071,6534420
1976,"North Carolina",13,927365,741960,8581,1677906
1976,"North Dakota",3,136078,153470,7546,297094
1976,"Ohio",25,2011621,2000505,99747,4111873
1976,"Oklahoma",8,532442,545708,14101,1092251
1976,"Oregon",6,490407,492120,47349,1029876
1976,"Pennsylvania",27,2328677,2205604,86506,4620787
1976,"Rhode Island",4,227636,181249,2285,411170
1976,"South Carolina",8,450825,346140,5629,802594
1976,"South Dakota",4,147068,151505,2105,300678
1976,"Tennessee",10,825879,633969,16498,1476346
1976,"Texas",26,2082319,1953300,36265,4071884
1976,"Utah",4,182110,337908,21180,541198
1976,"Vermont",3,81044,102085,4726,187855
1976,"Virginia",12,813896,836554,46644,1697094
1976,"Washington",9,717323,777732,60479,1555534
1976,"West Virginia",6,435914,314760,0,750674
1976,"Wisconsin",11,1040232,1004987,56117,2101336
1976,"Wyoming",3,62239,92717,1387,156343
1980,"Alabama",9,636730,654192,51007,1341929
1980,"Alaska",3,41842,86112,30491,158445
1980,"Arizona",6,246843,529688,97414,873945
1980,"Arkansas",6,398041,403164,36377,837582
1980,"California",45,3083661,4524858,978544,8587063
1980,"Colorado",7,367973,652264,164178,1184415
1980,"Connecticut",8,541732,677210,187343,1406285
1980,"Delaware",3,105754,111252,18662,235668
1980,"D. C.",3,130231,23313,20345,173889
1980,"Florida",17,1419475,2046951,220600,3687026
1980,"Georgia",12,890733,654168,52566,1597467
1980,"Hawaii",4,135879,130112,37296,303287
1980,"Idaho",4,110192,290699,36540,437431
1980,"Illinois",26,1981413,2358049,410259,4749721
1980,"Indiana",13,844197,1255656,142180,2242033
1980,"Iowa",8,508672,676026,132963,1317661
1980,"Kansas",7,326150,566812,86833,979795
1980,"Kentucky",9,616417,635274,42936,1294627
1980,"Louisiana",10,708453,792853,47285,1548591
1980,"Maine",4,220974,238522,63515,523011
1980,"Maryland",10,726161,680606,133729,1540496
1980,"Massachusetts",14,1053802,1057631,412865,2524298
1980,"Michigan",21,1661532,1915225,332968,3909725
1980,"Minnesota",10,954174,873241,224538,2051953
1980,"Mississippi",7,429281,441089,22250,892620
1980,"Missouri",12,931182,1074181,94461,2099824
1980,"Montana",4,118032,206814,39106,363952
1980,"Nebraska",5,166851,419937,54066,640854
1980,"Nevada",3,66666,155017,26202,247885
1980,"New Hampshire",4,108864,221705,53430,383999
1980,"New Jersey",17,1147364,1546557,281763,2975684
1980,"New Mexico",4,167826,250779,37632,456237
1980,"New York",41,2728372,2893831,579756,6201959
1980,"North Carolina",13,875635,915018,65180,1855833
1980,"North Dakota",3,79189,193695,28661,301545
1980,"Ohio",25,1752414,2206545,324644,4283603
1980,"Oklahoma",8,402026,695570,52112,1149708
1980,"Oregon",6,456890,571044,153582,1181516
1980,"Pennsylvania",27,1937540,2261872,362089,4561501
1980,"Rhode Island",4,198342,154793,62937,416072
1980,"South Carolina",8,427560,441207,21316,890083
1980,"South Dakota",4,103855,198343,25505,327703
1980,"Tennessee",10,783051,787761,46804,1617616
1980,"Texas",26,1881147,2510705,149785,4541637
1980,"Utah",4,124266,439687,40269,604222
1980,"Vermont",3,81891,94598,36718,213207
1980,"Virginia",12,752174,989609,124249,1866032
1980,"Washington",9,650193,865244,226957,1742394
1980,"West Virginia",6,367462,334206,36047,737715
1980,"Wisconsin",11,981584,1088845,202792,2273221
1980,"Wyoming",3,49427,110700,16586,176713
1984,"Alabama",9,551899,872849,16965,1441713
1984,"Alaska",3,62007,138377,7221,207605
1984,"Arizona",7,333854,681416,10627,1025897
1984,"Arkansas",6,338646,534774,10986,884406
1984,"California",47,3922519,5467009,115895,9505423
1984,"Colorado",8,454974,821818,18589,1295381
1984,"Connecticut",8,569597,890877,6426,1466900
1984,"Delaware",3,101656,152190,726,254572
1984,"D. C.",3,180408,29009,1871,211288
1984,"Florida",21,1448816,2730350,885,4180051
1984,"Georgia",12,706628,1068722,743,1776093
1984,"Hawaii",4,147154,185050,3642,335846
1984,"Idaho",4,108510,297523,5111,411144
1984,"Illinois",24,2086499,2707103,25486,4819088
1984,"Indiana",12,841481,1377230,14358,2233069
1984,"Iowa",8,605620,703088,11097,1319805
1984,"Kansas",7,333149,677296,11546,1021991
1984,"Kentucky",9,539589,822782,8090,1370461
1984,"Louisiana",10,651586,1037299,17937,1706822
1984,"Maine",4,214515,336500,2129,553144
1984,"Maryland",10,787935,879918,8020,1675873
1984,"Massachusetts",13,1239606,1310936,8911,2559453
1984,"Michigan",20,1529638,2251571,20449,3801658
1984,"Minnesota",10,1036364,1032603,15482,2084449
1984,"Mississippi",7,352192,581477,6523,940192
1984,"Missouri",11,848583,1274188,0,2122771
1984,"Montana",4,146742,232450,5185,384377
1984,"Nebraska",5,187866,460054,4170,652090
1984,"Nevada",4,91655,188770,6242,286667
1984,"New Hampshire",4,120395,267051,1508,388954
1984,"New Jersey",16,1261323,1933630,22909,3217862
1984,"New Mexico",5,201769,307101,5500,514370
1984,"New York",36,3119609,3664763,22438,6806810
1984,"North Carolina",13,824287,1346481,4593,2175361
1984,"North Dakota",3,104429,200336,4206,308971
1984,"Ohio",23,1825440,2678560,43619,4547619
1984,"Oklahoma",8,385080,861530,9066,1255676
1984,"Oregon",7,536479,685700,4348,1226527
1984,"Pennsylvania",25,2228131,2584323,32449,4844903
1984,"Rhode Island",4,197106,212080,1306,410492
1984,"South Carolina",8,344470,615539,8531,968540
1984,"South Dakota",3,116113,200267,1487,317867
1984,"Tennessee",11,711714,990212,10067,1711993
1984,"Texas",29,1949276,3433428,14867,5397571
1984,"Utah",5,155369,469105,5182,629656
1984,"Vermont",3,95730,135865,2966,234561
1984,"Virginia",12,796250,1337078,13307,2146635
1984,"Washington",10,807352,1051670,24888,1883910
1984,"West Virginia",6,328125,405483,2134,735742
1984,"Wisconsin",11,995847,1198800,17369,2212016
1984,"Wyoming",3,53370,133241,2357,188968
1988,"Alabama",9,549506,815576,13394,1378476
1988,"Alaska",3,72584,119251,8281,200116
1988,"Arizona",7,454029,702541,15303,1171873
1988,"Arkansas",6,349237,466578,11923,827738
1988,"California",47,4702233,5054917,129914,9887064
1988,"Colorado",8,621453,728177,22764,1372394
1988,"Connecticut",8,676584,750241,16569,1443394
1988,"Delaware",3,108647,139639,1605,249891
1988,"D. C.",3,159407,27590,5880,192877
1988,"Florida",21,1656701,2618885,26727,4302313
1988,"Georgia",12,714792,1081331,13549,1809672
1988,"Hawaii",4,192364,158625,3472,354461
1988,"Idaho",4,147272,253881,7815,408968
1988,"Illinois",24,2215940,2310939,32241,4559120
1988,"Indiana",12,860643,1297763,10215,2168621
1988,"Iowa",8,670557,545355,9702,1225614
1988,"Kansas",7,422636,554049,16359,993044
1988,"Kentucky",9,580368,734281,7868,1322517
1988,"Louisiana",10,717460,883702,27040,1628202
1988,"Maine",4,243569,307131,4335,555035
1988,"Maryland",10,826304,876167,11887,1714358
1988,"Massachusetts",13,1401406,1194644,36755,2632805
1988,"Michigan",20,1675783,1965486,27894,3669163
1988,"Minnesota",10,1109471,962337,24982,2096790
1988,"Mississippi",7,363921,557890,9716,931527
1988,"Missouri",11,1001619,1084953,6656,2093228
1988,"Montana",4,168936,190412,6326,365674
1988,"Nebraska",5,259646,398447,4279,662372
1988,"Nevada",4,132738,206040,11289,350067
1988,"New Hampshire",4,163696,281537,5292,450525
1988,"New Jersey",16,1320352,1743192,36009,3099553
1988,"New Mexico",5,244497,270341,6449,521287
1988,"New York",36,3347882,3081871,55930,6485683
1988,"North Carolina",13,890167,1237258,6945,2134370
1988,"North Dakota",3,127739,166559,2963,297261
1988,"Ohio",23,1939629,2416549,37521,4393699
1988,"Oklahoma",8,483423,678367,9246,1171036
1988,"Oregon",7,616206,560126,25362,1201694
1988,"Pennsylvania",25,2194944,2300087,41220,4536251
1988,"Rhode Island",4,225123,177761,1736,404620
1988,"South Carolina",8,370554,606443,9012,986009
1988,"South Dakota",3,145560,165415,2016,312991
1988,"Tennessee",11,679794,947233,9223,1636250
1988,"Texas",29,2352748,3036829,37833,5427410
1988,"Utah",5,207343,428442,11223,647008
1988,"Vermont",3,115775,124331,3227,243333
1988,"Virginia",12,859799,1309162,22648,2191609
1988,"Washington",10,933516,903835,27902,1865253
1988,"West Virginia",6,341016,310065,2230,653311
1988,"Wisconsin",11,1126794,1047499,17315,2191608
1988,"Wyoming",3,67113,106867,2571,176551
1992,"Alabama",9,690080,804283,193697,1688060
1992,"Alaska",3,78294,102000,78212,258506
1992,"Arizona",8,543050,572086,371870,1487006
1992,"Arkansas",6,505823,337324,107506,950653
1992,"California",54,5121325,3630574,2379822,11131721
1992,"Colorado",8,629681,562850,376649,1569180
1992,"Connecticut",8,682318,578313,355701,1616332
1992,"Delaware",3,126054,102313,61368,289735
1992,"D. C.",3,192619,20698,14255,227572
1992,"Florida",25,2072698,2173310,1068384,5314392
1992,"Georgia",13,1008966,995252,316915,2321133
1992,"Hawaii",4,179310,136822,56710,372842
1992,"Idaho",4,137013,202645,142484,482142
1992,"Illinois",22,2453350,1734096,862711,5050157
1992,"Indiana",12,848420,989375,468076,2305871
1992,"Iowa",7,586353,504891,263363,1354607
1992,"Kansas",6,390434,449951,316851,1157236
1992,"Kentucky",8,665104,617178,210618,1492900
1992,"Louisiana",9,815971,733386,240660,1790017
1992,"Maine",4,263420,206504,209575,679499
1992,"Maryland",10,988571,707094,289381,1985046
1992,"Massachusetts",12,1318662,805049,649863,2773574
1992,"Michigan",18,1871182,1554940,848551,4274673
1992,"Minnesota",10,1020997,747841,579110,2347948
1992,"Mississippi",7,400258,487793,93742,981793
1992,"Missouri",11,1053873,811159,526533,2391565
1992,"Montana",3,154507,144207,111897,410611
1992,"Nebraska",5,217344,344346,177593,739283
1992,"Nevada",4,189148,175828,141342,506318
1992,"New Hampshire",4,209040,202484,126421,537945
1992,"New Jersey",15,1436206,1356865,550523,3343594
1992,"New Mexico",5,261617,212824,95545,569986
1992,"New York",33,3444450,2346649,1135826,6926925
1992,"North Carolina",14,1114042,1134661,363147,2611850
1992,"North Dakota",3,99168,136244,72721,308133
1992,"Ohio",21,1984942,1894310,1060712,4939964
1992,"Oklahoma",8,473066,592929,324364,1390359
1992,"Oregon",7,621314,475757,365572,1462643
1992,"Pennsylvania",23,2239164,1791841,928805,4959810
1992,"Rhode Island",4,213299,131601,108578,453478
1992,"South Carolina",8,479514,577507,145506,1202527
1992,"South Dakota",3,124888,136718,74648,336254
1992,"Tennessee",11,933521,841300,207817,1982638
1992,"Texas",32,2281815,2496071,1376132,6154018
1992,"Utah",5,183429,322632,238008,744069
1992,"Vermont",3,133592,88122,67987,289701
1992,"Virginia",13,1038650,1150517,369498,2558665
1992,"Washington",11,993037,731234,563959,2288230
1992,"West Virginia",5,331001,241974,110736,683711
1992,"Wisconsin",11,1041066,930855,559193,2531114
1992,"Wyoming",3,68160,79347,53118,200625
1996,"Alabama",9,662165,769044,103140,1534349
1996,"Alaska",3,80380,122746,38494,241620
1996,"Arizona",8,653288,622073,129044,1404405
1996,"Arkansas",6,475171,325416,83675,884262
1996,"California",54,5119835,3828380,1071269,10019484
1996,"Colorado",8,671152,691848,147704,1510704
1996,"Connecticut",8,735740,483109,173765,1392614
1996,"Delaware",3,140355,99062,31667,271084
1996,"D. C.",3,158220,17339,10167,185726
1996,"Florida",25,2546870,2244536,512388,5303794
1996,"Georgia",13,1053849,1080843,164379,2299071
1996,"Hawaii",4,205012,113943,41165,360120
1996,"Idaho",4,165443,256595,69681,491719
1996,"Illinois",22,2341744,1587021,382626,4311391
1996,"Indiana",12,887424,1006693,241725,2135842
1996,"Iowa",7,620258,492644,121173,1234075
1996,"Kansas",6,387659,583245,103396,1074300
1996,"Kentucky",8,636614,623283,128811,1388708
1996,"Louisiana",9,927837,712586,143536,1783959
1996,"Maine",4,312788,186378,106731,605897
1996,"Maryland",10,966207,681530,133133,1780870
1996,"Massachusetts",12,1571763,718107,266915,2556785
1996,"Michigan",18,1989653,1481212,377979,3848844
1996,"Minnesota",10,1120438,766476,305726,2192640
1996,"Mississippi",7,394022,439838,59997,893857
1996,"Missouri",11,1025935,890016,242114,2158065
1996,"Montana",3,167922,179652,59687,407261
1996,"Nebraska",5,236761,363467,77187,677415
1996,"Nevada",4,203974,199244,61061,464279
1996,"New Hampshire",4,246214,196532,56429,499175
1996,"New Jersey",15,1652329,1103078,320400,3075807
1996,"New Mexico",5,273495,232751,49828,556074
1996,"New York",33,3756177,1933492,626460,6316129
1996,"North Carolina",14,1107849,1225938,182020,2515807
1996,"North Dakota",3,106905,125050,34456,266411
1996,"Ohio",21,2148222,1859883,526329,4534434
1996,"Oklahoma",8,488105,582315,136293,1206713
1996,"Oregon",7,649641,538152,189967,1377760
1996,"Pennsylvania",23,2215819,1801169,489130,4506118
1996,"Rhode Island",4,233050,104683,52551,390284
1996,"South Carolina",8,504051,573458,71948,1149457
1996,"South Dakota",3,139333,150543,33950,323826
1996,"Tennessee",11,909146,863530,121429,1894105
1996,"Texas",32,2459683,2736167,415794,5611644
1996,"Utah",5,221633,361911,82085,665629
1996,"Vermont",3,137894,80352,40203,258449
1996,"Virginia",13,1091060,1138350,187232,2416642
1996,"Washington",11,1123323,840712,289802,2253837
1996,"West Virginia",5,327812,233946,74701,636459
1996,"Wisconsin",11,1071971,845029,279169,2196169
1996,"Wyoming",3,77934,105388,28249,211571
2000,"Alabama",9,695602,944409,32540,1672551
2000,"Alaska",3,79004,167398,39158,285560
2000,"Arizona",8,685341,781652,67120,1534113
2000,"Arkansas",6,422768,472940,26073,921781
2000,"California",54,5861203,4567429,537224,10965856
2000,"Colorado",8,738227,883745,119393,1741365
2000,"Connecticut",8,816015,561094,82416,1459525
2000,"Delaware",3,180068,137288,10266,327622
2000,"D. C.",3,171923,18073,11898,201894
2000,"Florida",25,2912253,2912790,138067,5963110
2000,"Georgia",13,1116230,1419720,60854,2596804
2000,"Hawaii",4,205286,137845,24820,367951
2000,"Idaho",4,138637,336937,26047,501621
2000,"Illinois",22,2589026,2019421,133676,4742123
2000,"Indiana",12,901980,1245836,51486,2199302
2000,"Iowa",7,638517,634373,42673,1315563
2000,"Kansas",6,399276,622332,50608,1072216
2000,"Kentucky",8,638898,872492,32797,1544187
2000,"Louisiana",9,792344,927871,45441,1765656
2000,"Maine",4,319951,286616,45250,651817
2000,"Maryland",10,1145782,813797,65901,2025480
2000,"Massachusetts",12,1616487,878502,207995,2702984
2000,"Michigan",18,2170418,1953139,109154,4232711
2000,"Minnesota",10,1168266,1109659,160760,2438685
2000,"Mississippi",7,404964,573230,16732,994926
2000,"Missouri",11,1111138,1189924,58830,2359892
2000,"Montana",3,137126,240178,33693,410997
2000,"Nebraska",5,231780,433862,31377,697019
2000,"Nevada",4,279978,301575,27417,608970
2000,"New Hampshire",4,266348,273559,29174,569081
2000,"New Jersey",15,1788850,1284173,114203,3187226
2000,"New Mexico",5,286783,286417,25405,598605
2000,"New York",33,4113791,2405676,311711,6831178
2000,"North Carolina",14,1257692,1631163,22407,2911262
2000,"North Dakota",3,95284,174852,18131,288267
2000,"Ohio",21,2186190,2351209,168058,4705457
2000,"Oklahoma",8,474276,744337,15616,1234229
2000,"Oregon",7,720342,713577,100049,1533968
2000,"Pennsylvania",23,2485967,2281127,146025,4913119
2000,"Rhode Island",4,249508,130555,29049,409112
2000,"South Carolina",8,566039,786426,31312,1383777
2000,"South Dakota",3,118804,190700,6765,316269
2000,"Tennessee",11,981720,1061949,32512,2076181
2000,"Texas",32,2433746,3799639,174252,6407637
2000,"Utah",5,203053,515096,52605,770754
2000,"Vermont",3,149022,119775,25511,294308
2000,"Virginia",13,1217290,1437490,84667,2739447
2000,"Washington",11,1247652,1108864,132229,2488745
2000,"West Virginia",5,295497,336475,16152,648124
2000,"Wisconsin",11,1242987,1237279,118341,2598607
2000,"Wyoming",3,60481,147947,9923,218351
2004,"Alabama",9,693933,1176394,13122,1883449
2004,"Alaska",3,111025,190889,10684,312598
2004,"Arizona",10,893524,1104294,18284,2016102
2004,"Arkansas",6,469953,572898,12094,1054945
2004,"California",55,6745485,5509826,166548,12421859
2004,"Colorado",9,1001725,1101256,27344,2130325
2004,"Connecticut",7,857488,693826,27455,1578769
2004,"Delaware",3,200152,171660,3458,375270
2004,"D. C.",3,202970,21256,3360,227586
2004,"Florida",27,3583544,3964522,61744,7609810
2004,"Georgia",15,1366149,1914254,24078,3304481
2004,"Hawaii",4,231708,194191,3114,429013
2004,"Idaho",4,181098,409235,8114,598447
2004,"Illinois",21,2891550,2345946,36826,5274322
2004,"Indiana",11,969011,1479438,19553,2468002
2004,"Iowa",7,741898,751957,13053,1506908
2004,"Kansas",6,434993,736456,16307,1187756
2004,"Kentucky",8,712733,1069439,13907,1796079
2004,"Louisiana",9,820299,1102169,20638,1943106
2004,"Maine",4,396842,330201,13709,740752
2004,"Maryland",10,1334493,1024703,27482,2386678
2004,"Massachusetts",12,1803800,1071109,37479,2912388
2004,"Michigan",17,2479183,2313746,46323,4839252
2004,"Minnesota",10,1445014,1346695,36678,2828387
2004,"Mississippi",6,458094,684981,9290,1152365
2004,"Missouri",11,1259171,1455713,16480,2731364
2004,"Montana",3,173710,266063,10672,450445
2004,"Nebraska",5,254328,512814,11044,778186
2004,"Nevada",5,397190,418690,13707,829587
2004,"New Hampshire",4,340511,331237,5990,677738
2004,"New Jersey",15,1911430,1670003,30704,3612137
2004,"New Mexico",5,370942,376930,8432,756304
2004,"New York",31,4314280,2962567,115107,7391954
2004,"North Carolina",15,1525849,1961166,13992,3501007
2004,"North Dakota",3,111052,196651,5130,312833
2004,"Ohio",20,2741167,2859768,26973,5627908
2004,"Oklahoma",7,503966,959792,0,1463758
2004,"Oregon",7,943163,866831,26788,1836782
2004,"Pennsylvania",21,2938095,2793847,37648,5769590
2004,"Rhode Island",4,259760,169046,8328,437134
2004,"South Carolina",8,661699,937974,18057,1617730
2004,"South Dakota",3,149244,232584,6387,388215
2004,"Tennessee",11,1035160,1383336,16453,2434949
2004,"Texas",34,2832704,4526917,51144,7410765
2004,"Utah",5,241199,663742,22903,927844
2004,"Vermont",3,184067,121180,7062,312309
2004,"Virginia",13,1454742,1716959,26666,3198367
2004,"Washington",11,1510201,1304894,46618,2861713
2004,"West Virginia",5,326541,423778,5568,755887
2004,"Wisconsin",10,1489504,1478120,29383,2997007
2004,"Wyoming",3,70776,167629,5023,243428
2008,"Alabama",9,813479,1266546,19794,2099819
2008,"Alaska",3,123594,193841,8762,326197
2008,"Arizona",10,1034707,1230111,39020,2303838
2008,"Arkansas",6,422310,638017,26290,1086617
2008,"California",55,8274473,5011781,296829,13583083
2008,"Colorado",9,1288633,1073629,39200,2401462
2008,"Connecticut",7,997773,629428,19592,1646793
2008,"Delaware",3,255459,152374,4783,412616
2008,"D. C.",3,245800,17367,2686,265853
2008,"Florida",27,4282367,4046219,83662,8412248
2008,"Georgia",15,1844123,2048759,39276,3932158
2008,"Hawaii",4,325871,120566,7131,453568
2008,"Idaho",4,236440,403012,19002,658454
2008,"Illinois",21,3419348,2031179,79652,5530179
2008,"Indiana",11,1374039,1345648,36971,2756658
2008,"Iowa",7,828940,682379,25804,1537123
2008,"Kansas",6,514765,699655,24453,1238873
2008,"Kentucky",8,751985,1048462,27140,1827587
2008,"Louisiana",9,782989,1148275,29497,1960761
2008,"Maine",4,421923,295273,13967,731163
2008,"Maryland",10,1629467,959862,42267,2631596
2008,"Massachusetts",12,1904098,1108854,68117,3081069
2008,"Michigan",17,2872579,2048639,89388,5010606
2008,"Minnesota",10,1573354,1275409,61606,2910369
2008,"Mississippi",6,554662,724597,10680,1289939
2008,"Missouri",11,1441911,1445814,41386,2929111
2008,"Montana",3,232159,243882,16709,492750
2008,"Nebraska",5,333319,452979,14983,801281
2008,"Nevada",5,533736,412827,21285,967848
2008,"New Hampshire",4,384826,316534,9610,710970
2008,"New Jersey",15,2215422,1613207,48778,3877407
2008,"New Mexico",5,472422,346832,10904,830158
2008,"New York",31,4804945,2752771,83232,7640948
2008,"North Carolina",15,2142651,2128474,39664,4310789
2008,"North Dakota",3,141403,168887,7448,317738
2008,"Ohio",20,2940044,2677820,103967,5721831
2008,"Oklahoma",7,502496,960165,0,1462661
2008,"Oregon",7,1037291,738475,52098,1827864
2008,"Pennsylvania",21,3276363,2655885,83228,6015476
2008,"Rhode Island",4,296571,165391,9804,471766
2008,"South Carolina",8,862449,1034896,23624,1920969
2008,"South Dakota",3,170924,203054,7997,381975
2008,"Tennessee",11,1087437,1479178,35367,2601982
2008,"Texas",34,3528633,4479328,79830,8087791
2008,"Utah",5,327670,596030,35296,958996
2008,"Vermont",3,219262,98974,6810,325046
2008,"Virginia",13,1959532,1725005,38723,3723260
2008,"Washington",11,1750848,1229216,73197,3053261
2008,"West Virginia",5,303857,397466,13800,715123
2008,"Wisconsin",10,1677211,1262393,43813,2983417
2008,"Wyoming",3,82868,164958,6832,254658
2012,"Alabama",9,795696,1255925,22717,2074338
2012,"Alaska",3,122640,164676,13179,300495
2012,"Arizona",11,1025232,1233654,47673,2306559
2012,"Arkansas",6,394409,647744,27315,1069468
2012,"California",55,7854285,4839958,361572,13055815
2012,"Colorado",9,1323102,1185243,63501,2571846
2012,"Connecticut",7,905109,634899,18985,1558993
2012,"Delaware",3,242584,165484,5853,413921
2012,"D. C.",3,267070,21381,5313,293764
2012,"Florida",29,4237756,4163447,90972,8492175
2012,"Georgia",16,1773827,2078688,55854,3908369
2012,"Hawaii",4,306658,121015,7024,434697
2012,"Idaho",4,212787,420911,23044,656742
2012,"Illinois",20,3019512,2135216,96704,5251432
2012,"Indiana",11,1154275,1422872,55996,2633143
2012,"Iowa",6,822544,730617,29019,1582180
2012,"Kansas",6,439908,689809,27815,1157532
2012,"Kentucky",8,679370,1087190,31488,1798048
2012,"Louisiana",8,809141,1152262,32662,1994065
2012,"Maine",4,401306,292276,19598,713180
2012,"Maryland",10,1677844,971869,57614,2707327
2012,"Massachusetts",11,1921761,1188460,57546,3167767
2012,"Michigan",16,2564569,2115256,65491,4745316
2012,"Minnesota",10,1546167,1320225,70169,2936561
2012,"Mississippi",6,562949,710746,11889,1285584
2012,"Missouri",10,1223796,1482440,57453,2763689
2012,"Montana",3,201839,267928,14717,484484
2012,"Nebraska",5,302081,475064,17234,794379
2012,"Nevada",6,531373,463567,19978,1014918
2012,"New Hampshire",4,369561,329918,11493,710972
2012,"New Jersey",14,2126610,1478749,45781,3651140
2012,"New Mexico",5,415335,335788,32634,783757
2012,"New York",29,4485877,2490496,105163,7081536
2012,"North Carolina",15,2178391,2270395,56586,4505372
2012,"North Dakota",3,124827,188163,9637,322627
2012,"Ohio",18,2827709,2661437,101788,5590934
2012,"Oklahoma",7,443547,891325,0,1334872
2012,"Oregon",7,970488,754175,64607,1789270
2012,"Pennsylvania",20,2990274,2680434,84912,5755620
2012,"Rhode Island",4,279677,157204,9168,446049
2012,"South Carolina",9,865941,1071645,26532,1964118
2012,"South Dakota",3,145039,210610,8166,363815
2012,"Tennessee",11,960709,1462330,37865,2460904
2012,"Texas",38,3308124,4569843,121690,7999657
2012,"Utah",6,251813,740600,28448,1020861
2012,"Vermont",3,199239,92698,7353,299290
2012,"Virginia",13,1971820,1822522,60147,3854489
2012,"Washington",12,1755396,1290670,99892,3145958
2012,"West Virginia",5,238269,417655,16195,672119
2012,"Wisconsin",10,1620985,1407966,39483,3068434
2012,"Wyoming",3,69286,170962,8813,249061
2016,"Alabama",9,729547,1318255,75570,2123372
2016,"Alaska",3,116454,163387,38767,318608
2016,"Arizona",11,1161167,1252401,191089,2604657
2016,"Arkansas",6,380494,684872,65269,1130635
2016,"California",55,8753788,4483810,1000286,14237884
2016,"Colorado",9,1338870,1202484,238893,2780247
2016,"Connecticut",7,897572,673215,74133,1644920
2016,"Delaware",3,235603,185127,23084,443814
2016,"D. C.",3,282830,12723,15715,311268
2016,"Florida",29,4504975,4617886,378756,9501617
2016,"Georgia",16,1877963,2089104,174378,4141445
2016,"Hawaii",4,266891,128847,33199,428937
2016,"Idaho",4,189765,409055,91613,690433
2016,"Illinois",20,3090729,2146015,335206,5571950
2016,"Indiana",11,1033126,1557286,167416,2757828
2016,"Iowa",6,653669,800983,111379,1566031
2016,"Kansas",6,427005,671018,94604,1192627
2016,"Kentucky",8,628854,1202971,92324,1924149
2016,"Louisiana",8,780154,1178638,70240,2029032
2016,"Maine",4,357735,335593,54599,747927
2016,"Maryland",10,1677928,943169,160349,2781446
2016,"Massachusetts",11,1995196,1090893,238957,3325046
2016,"Michigan",16,2268839,2279543,274570,4822952
2016,"Minnesota",10,1367716,1322951,254146,2944813
2016,"Mississippi",6,485131,700714,25243,1211088
2016,"Missouri",10,1071068,1594511,162094,2827673
2016,"Montana",3,177709,279240,44873,501822
2016,"Nebraska",5,284494,495961,63772,844227
2016,"Nevada",6,539260,512058,74067,1125385
2016,"New Hampshire",4,348526,345790,49980,744296
2016,"New Jersey",14,2148278,1601933,156512,3906723
2016,"New Mexico",5,385234,319666,93418,798318
2016,"New York",29,4547562,2814589,345212,7707363
2016,"North Carolina",15,2189316,2362631,189617,4741564
2016,"North Dakota",3,93758,216794,33808,344360
2016,"Ohio",18,2394164,2841005,301359,5536528
2016,"Oklahoma",7,420375,949136,83481,1452992
2016,"Oregon",7,1002106,782403,216827,2001336
2016,"Pennsylvania",20,2926441,2970733,265838,6163012
2016,"Rhode Island",4,252525,180543,31076,464144
2016,"South Carolina",9,855373,1155389,92265,2103027
2016,"South Dakota",3,117458,227721,24914,370093
2016,"Tennessee",11,870695,1522925,114407,2508027
2016,"Texas",38,3877868,4685047,406311,8969226
2016,"Utah",6,310676,515231,317694,1143601
2016,"Vermont",3,178573,95369,41125,315067
2016,"Virginia",13,1981473,1769443,231836,3982752
2016,"Washington",12,1742718,1221747,351959,3316424
2016,"West Virginia",5,188794,489371,43066,721231
2016,"Wisconsin",10,1382536,1405284,188330,2976150
2016,"Wyoming",3,55973,174419,25457,255849
